mecid,committee_name_x,candidate_name,party,office_sought,status,committee_name_y,report,report_year,report_type,previous_receipts,contributions_received,loans_received,misc_receipts,receipts_subtotal,in_kind_contributions,total_receipts_this_election,previous_expenditures,cash_or_check_expenditures,in_kind_expenditures,credit_expenditures,expenditure_subtotal,total_expenditures,previous_contributions,cash_check_contributions,credit_contributions,in_kind_contributions1,contribution_subtotal,total_contributions,loan_disbursements,disbursements_payments,misc_disbursements,total_disbursements,starting_money_on_hand,monetary_receipts,check_disbursements,cash_disbursements,total_monetary_disbursements,ending_money_on_hand,outstanding_indebtedness,loans_recieved,new_expenditures,new_contributions,payments_made_on_loan,debt_forgiven_on_loans,total_indebtendness
C201312,Citizens for Colby Murphy,Colby Murphy,D,State Representative - District 10 - Missouri House of Representatives,A,Citizens for Colby Murphy,October Quarterly Report,2020,Full Disclosure,5605.0,1080.41,0.0,0.0,1080.41,0.0,6685.41,2817.0,1202.14,0.0,0.0,1202.14,4019.14,0.0,0.0,0.0,0.0,0.0,0.0,0.0,0.0,0.0,0.0,2492.33,1080.41,1202.14,0.0,1202.14,2370.6,0.0,0.0,0.0,0.0,0.0,0.0,0.0
C180062,Citizens For Falkner,William Falkner III,R,State Representative - District 10 - Missouri House of Representatives,A,Citizens For Falkner,October Quarterly Report,2020,Full Disclosure,3725.0,9621.0,0.0,0.0,9658.7,37.7,13383.7,681.05,274.98,0.0,0.0,274.98,956.03,2000.0,0.0,0.0,0.0,0.0,2000.0,0.0,0.0,0.0,0.0,7622.12,9621.0,274.98,0.0,274.98,16968.14,0.0,0.0,0.0,0.0,0.0,0.0,0.0
C151169,Citizens For Derek Grier,Derek Grier,R,State Representative - District 100 - Missouri House of Representatives,A,Citizens For Derek Grier,October Quarterly Report,2020,Full Disclosure,0.0,25871.0,0.0,0.0,26546.0,675.0,26546.0,61693.73,97.3,0.0,0.0,97.3,61791.03,0.0,0.0,0.0,0.0,0.0,0.0,0.0,0.0,0.0,0.0,39738.71,25871.0,0.0,97.3,97.3,65512.41,0.0,0.0,0.0,0.0,0.0,0.0,0.0
C180717,Webb For House Rep,Helena Webb,D,State Representative - District 100 - Missouri House of Representatives,A,Webb For House Rep,October Quarterly Report,2020,Full Disclosure,62669.5,17914.58,0.0,0.0,18456.44,541.86,81125.94,12499.16,40355.45,0.0,0.0,40355.45,52854.61,0.0,0.0,0.0,0.0,0.0,0.0,0.0,0.0,0.0,0.0,42844.9,17914.58,40355.45,0.0,40355.45,20404.03,0.0,0.0,0.0,0.0,0.0,0.0,0.0
C161072,Citizens To Elect Bruce Degroot,Bruce Degroot,R,State Representative - District 101 - Missouri House of Representatives,A,Citizens To Elect Bruce Degroot,October Quarterly Report,2020,Full Disclosure,0.0,20596.0,0.0,0.0,20596.0,0.0,20596.0,0.0,4194.7,0.0,0.0,4194.7,4194.7,0.0,7100.0,0.0,0.0,7100.0,7100.0,0.0,0.0,0.0,0.0,17298.1,20596.0,11294.7,0.0,11294.7,26599.4,3500.0,0.0,0.0,0.0,0.0,0.0,3500.0
C180126,Friends Of Ron Hicks,Ron Hicks,R,State Representative - District 102 - Missouri House of Representatives,A,Friends Of Ron Hicks,October Quarterly Report,2020,Full Disclosure,0.0,1550.0,0.0,0.0,1550.0,0.0,1550.0,0.0,0.0,0.0,0.0,0.0,0.0,0.0,0.0,0.0,0.0,0.0,0.0,0.0,0.0,0.0,0.0,10115.86,1550.0,0.0,0.0,0.0,11665.86,0.0,0.0,0.0,0.0,0.0,0.0,0.0
C201089,Tracy Grundy for Missouri,Tracy Grundy,D,State Representative - District 102 - Missouri House of Representatives,A,Tracy Grundy for Missouri,October Quarterly Report,2020,Full Disclosure,5100.35,1948.18,0.0,0.0,1948.18,0.0,7048.53,2380.65,4029.0,0.0,0.0,4029.0,6409.65,0.0,0.0,0.0,0.0,0.0,0.0,0.0,0.0,0.0,0.0,2719.7,1948.18,4029.0,0.0,4029.0,638.88,0.0,0.0,0.0,0.0,0.0,0.0,0.0
C131055,Citizens For Wiemann,John Wiemann,R,State Representative - District 103 - Missouri House of Representatives,A,Citizens For Wiemann,October Quarterly Report,2020,Full Disclosure,111922.48,23516.0,0.0,0.0,23516.0,0.0,135438.48,45152.08,5270.46,0.0,0.0,5270.46,50422.54,13862.45,0.0,0.0,0.0,0.0,13862.45,0.0,0.0,454.0,454.0,75811.02,23516.0,5724.46,0.0,5724.46,93602.56,0.0,0.0,0.0,0.0,0.0,0.0,0.0
C201313,Committee to Elect Lisa Rees,Lisa Rees,D,State Representative - District 103 - Missouri House of Representatives,A,Committee to Elect Lisa Rees,October Quarterly Report,2020,Full Disclosure,1630.0,2665.41,0.0,0.0,2665.41,0.0,4295.41,526.01,1157.34,0.0,0.0,1157.34,1683.35,0.0,0.0,0.0,0.0,0.0,0.0,0.0,22.84,0.0,22.84,526.83,2665.41,1115.85,64.33,1180.18,2012.06,22.84,0.0,0.0,0.0,0.0,0.0,0.0
C161381,Schnelting For Missouri,ADAM SCHNELTING,R,State Representative - District 104 - Missouri House of Representatives,A,Schnelting For Missouri,October Quarterly Report,2020,Full Disclosure,28903.03,5296.0,0.0,0.0,5296.0,0.0,34199.03,37183.38,1526.11,0.0,0.0,1526.11,38709.49,7000.0,0.0,0.0,0.0,0.0,7000.0,0.0,0.0,0.0,0.0,12396.91,5296.0,1526.11,0.0,1526.11,16166.8,0.0,0.0,0.0,0.0,0.0,0.0,0.0
C201146,Jessica DeVoto For Missouri,Jessica DeVoto,D,State Representative - District 104 - Missouri House of Representatives,A,Jessica DeVoto For Missouri,October Quarterly Report,2020,Full Disclosure,5647.85,1301.18,0.0,0.0,1301.18,0.0,6949.03,3721.23,1987.27,0.0,0.0,1987.27,5708.5,0.0,0.0,0.0,0.0,0.0,0.0,0.0,0.0,0.0,0.0,1518.27,1301.18,1987.27,0.0,1987.27,832.18,0.0,0.0,0.0,0.0,0.0,0.0,0.0
C201217,Friends of Christine Hyman for Missouri,Christine Hyman,D,State Representative - District 105 - Missouri House of Representatives,A,Friends of Christine Hyman for Missouri,October Quarterly Report,2020,Full Disclosure,0.0,17300.69,145.81,0.0,19748.65,2302.15,19748.65,0.0,8862.03,0.0,0.0,8862.03,8862.03,0.0,0.0,0.0,0.0,0.0,0.0,0.0,0.0,0.0,0.0,3612.07,17446.5,8862.03,0.0,8862.03,12196.54,129.0,145.81,0.0,0.0,0.0,0.0,274.81
C151219,Friends Of Phil Christofanelli,Phil Christofanelli,R,State Representative - District 105 - Missouri House of Representatives,A,Friends Of Phil Christofanelli,October Quarterly Report,2020,Full Disclosure,50690.0,11850.0,0.0,0.0,11850.0,0.0,62540.0,7787.9,1451.32,0.0,0.0,1451.32,9239.22,6486.0,0.0,0.0,0.0,0.0,6486.0,0.0,0.0,0.0,0.0,49727.28,11850.0,1451.32,0.0,1451.32,60125.96,161.95,0.0,0.0,0.0,0.0,0.0,161.95
C190846,Citizens for Schwadron,Adam Schwadron,R,State Representative - District 106 - Missouri House of Representatives,A,Citizens for Schwadron,October Quarterly Report,2020,Full Disclosure,0.0,4028.33,0.0,0.0,4343.33,315.0,4343.33,0.0,7451.21,315.0,0.0,7766.21,7766.21,0.0,0.0,0.0,0.0,0.0,0.0,0.0,0.0,0.0,0.0,6874.14,4028.33,7451.21,0.0,7451.21,3451.26,745.74,0.0,0.0,0.0,0.0,0.0,745.74
C201196,Committee To Elect Cindy Berne 2020,Cynthia Berne,D,State Representative - District 106 - Missouri House of Representatives,A,Committee To Elect Cindy Berne 2020,October Quarterly Report,2020,Full Disclosure,40796.25,24288.18,0.0,0.0,24829.49,541.31,65625.74,10566.13,19537.46,0.0,0.0,19537.46,30103.59,0.0,0.0,0.0,0.0,0.0,0.0,0.0,0.0,0.0,0.0,27214.76,24288.18,19537.46,0.0,19537.46,31965.48,0.0,0.0,0.0,0.0,0.0,0.0,0.0
C201267E,Mike Copeland,Mike Copeland,L,State Representative - District 107 - Missouri House of Representatives,A,Mike Copeland,October Quarterly Report,2020,Limited Activity,,,,,,,,,,,,,,,,,,,,,,,,,,,,,,,,,,,,
C151237,Friends Of Nick Schroer,Nick Schroer,R,State Representative - District 107 - Missouri House of Representatives,A,Friends Of Nick Schroer,October Quarterly Report,2020,Full Disclosure,0.0,3400.0,0.0,0.0,3400.0,0.0,3400.0,0.0,4596.52,0.0,0.0,4596.52,4596.52,0.0,0.0,0.0,0.0,0.0,0.0,0.0,0.0,0.0,0.0,57927.1,3400.0,4596.52,0.0,4596.52,56730.58,0.0,0.0,0.0,0.0,0.0,0.0,0.0
C131123,Hill For Missouri,JUSTIN HILL,R,State Representative - District 108 - Missouri House of Representatives,A,Hill For Missouri,October Quarterly Report,2020,Full Disclosure,0.0,3250.0,0.0,0.0,3250.0,0.0,3250.0,0.0,3737.55,0.0,0.0,3737.55,3737.55,0.0,0.0,0.0,0.0,0.0,0.0,0.0,0.0,0.0,0.0,17172.46,3250.0,3737.55,0.0,3737.55,16684.91,0.0,0.0,0.0,0.0,0.0,0.0,0.0
C201197,Friends of Shumway,Susan Shumway,D,State Representative - District 108 - Missouri House of Representatives,A,Friends of Shumway,October Quarterly Report,2020,Full Disclosure,3217.92,1965.61,0.0,0.0,1965.61,0.0,5183.53,1569.06,0.0,0.0,0.0,0.0,1569.06,0.0,0.0,0.0,0.0,0.0,0.0,0.0,0.0,0.0,0.0,1395.89,1965.61,0.0,0.0,0.0,3361.5,0.0,0.0,0.0,0.0,0.0,0.0,0.0
C201383,Not For Sale-O'Dell,Brady O'Dell,D,State Representative - District 11 - Missouri House of Representatives,A,Not For Sale-O'Dell,October Quarterly Report,2020,Full Disclosure,1083.24,406.41,0.0,0.0,406.41,0.0,1489.65,10.0,10.0,0.0,0.0,10.0,20.0,0.0,0.0,0.0,0.0,0.0,0.0,0.0,0.0,0.0,0.0,1073.24,406.41,10.0,0.0,10.0,1469.65,0.0,0.0,0.0,0.0,0.0,0.0,0.0
C180235,Missourians For Shields,Brenda Shields,R,State Representative - District 11 - Missouri House of Representatives,A,Missourians For Shields,October Quarterly Report,2020,Full Disclosure,27214.5,8846.0,0.0,0.0,8846.0,0.0,36060.5,4527.11,233.16,0.0,0.0,233.16,4760.27,3500.0,0.0,0.0,0.0,0.0,3500.0,0.0,0.0,0.0,0.0,38745.45,8846.0,233.16,0.0,233.16,47358.29,0.0,0.0,0.0,0.0,0.0,0.0,0.0
C180170,Dottie Bailey For Missouri,Dorothy Bailey,R,State Representative - District 110 - Missouri House of Representatives,A,Dottie Bailey For Missouri ,October Quarterly Report,2020,Full Disclosure,0.0,4152.0,0.0,0.0,4152.0,0.0,4152.0,0.0,4070.46,0.0,0.0,4070.46,4070.46,0.0,0.0,0.0,0.0,0.0,0.0,0.0,0.0,0.0,0.0,8563.34,4152.0,4070.46,0.0,4070.46,8644.88,0.0,0.0,0.0,0.0,0.0,0.0,0.0
C180696,Kiehne For Missouri,John Kiehne,D,State Representative - District 110 - Missouri House of Representatives,A,Kiehne For Missouri,October Quarterly Report,2020,Full Disclosure,31604.94,2771.41,0.0,0.0,2998.91,227.5,34603.85,18934.61,3628.04,0.0,0.0,3628.04,22562.65,0.0,0.0,0.0,0.0,0.0,0.0,0.0,0.0,0.0,0.0,10085.85,2771.41,3628.04,0.0,3628.04,9229.22,0.0,0.0,0.0,0.0,0.0,0.0,0.0
C201381,Vern Cherry for Jeffco 111,Daniel Cherry,D,State Representative - District 111 - Missouri House of Representatives,A,Vern Cherry for Jeffco 111,October Quarterly Report,2020,Full Disclosure,1732.24,1106.41,0.0,0.0,1106.41,0.0,2838.65,33.95,1724.0,0.0,0.0,1724.0,1757.95,0.0,0.0,0.0,0.0,0.0,0.0,0.0,0.0,0.0,0.0,1698.29,1106.41,1724.0,0.0,1724.0,1080.7,0.0,0.0,0.0,0.0,0.0,0.0,0.0
C131112,Citizens For Shane Roden,SHANE RODEN,R,State Representative - District 111 - Missouri House of Representatives,A,Citizens For Shane Roden,October Quarterly Report,2020,Full Disclosure,20497.0,3946.0,0.0,0.0,3946.0,0.0,24443.0,35823.31,1200.0,0.0,0.0,1200.0,37023.31,1000.0,0.0,0.0,0.0,0.0,1000.0,0.0,0.0,0.0,0.0,4857.31,3946.0,1200.0,0.0,1200.0,7603.31,0.0,0.0,0.0,0.0,0.0,0.0,0.0
C131147,Friends Of Rob Vescovo,ROB VESCOVO,R,State Representative - District 112 - Missouri House of Representatives,A,Friends Of Rob Vescovo,October Quarterly Report,2020,Full Disclosure,57255.0,49092.0,0.0,0.0,49092.0,0.0,106347.0,69221.04,3443.37,0.0,0.0,3443.37,72664.41,55750.87,0.0,0.0,0.0,0.0,55750.87,0.0,0.0,0.0,0.0,89025.57,49092.0,3443.37,0.0,3443.37,134674.2,0.0,0.0,0.0,0.0,0.0,0.0,0.0
C131176,FRIENDS OF SHAUL,DAN SHAUL,R,State Representative - District 113 - Missouri House of Representatives,A,FRIENDS OF SHAUL,October Quarterly Report,2020,Full Disclosure,55584.53,10400.0,0.0,0.0,10400.0,0.0,65984.53,46145.14,7832.67,0.0,0.0,7832.67,53977.81,0.0,0.0,0.0,0.0,0.0,0.0,0.0,0.0,0.0,0.0,28992.3,10400.0,7832.67,0.0,7832.67,31559.63,0.0,0.0,0.0,0.0,0.0,0.0,0.0
C201155,Burgess 4 Missouri,Terry Burgess,D,State Representative - District 113 - Missouri House of Representatives,A,Burgess 4 Missouri,October Quarterly Report,2020,Full Disclosure,12741.0,10392.0,0.0,0.0,10392.0,0.0,23133.0,8937.3,10099.1,0.0,0.0,10099.1,19036.4,0.0,0.0,0.0,0.0,0.0,0.0,0.0,0.0,0.0,0.0,3513.57,10392.0,10099.1,0.0,10099.1,3806.47,0.0,0.0,0.0,0.0,0.0,0.0,0.0
C131128,Committee To Elect Becky Ruth,Becky Ruth,R,State Representative - District 114 - Missouri House of Representatives,A,Committee To Elect Becky Ruth,October Quarterly Report,2020,Full Disclosure,40970.0,14992.0,0.0,0.0,14992.0,0.0,55962.0,30682.39,295.82,0.0,0.0,295.82,30978.21,3415.44,2950.0,0.0,0.0,2950.0,6365.44,0.0,0.0,0.0,0.0,11459.9,14992.0,3245.82,0.0,3245.82,23206.08,0.0,0.0,0.0,0.0,0.0,0.0,0.0
C190977,Buchheit-Courtway for Missouri,Cyndi Buchheit-Courtway,R,State Representative - District 115 - Missouri House of Representatives,A,Buchheit-Courtway for Missouri,October Quarterly Report,2020,Full Disclosure,41862.42,4070.0,0.0,0.0,4125.0,55.0,45987.42,27590.85,598.85,0.0,0.0,598.85,28189.7,0.0,0.0,0.0,0.0,0.0,0.0,0.0,0.0,0.0,0.0,12063.15,4070.0,598.85,0.0,598.85,15534.3,9000.0,0.0,0.0,0.0,0.0,0.0,9000.0
C171362,Wright For Missouri,Dale Wright,R,State Representative - District 116 - Missouri House of Representatives,A,Wright For Missouri,October Quarterly Report,2020,Full Disclosure,390828.42,0.0,0.0,0.0,0.0,0.0,390828.42,49454.51,1152.82,0.0,0.0,1152.82,50607.33,0.0,0.0,0.0,0.0,0.0,0.0,0.0,0.0,0.0,0.0,18750.49,0.0,1152.82,0.0,1152.82,17597.67,0.0,0.0,0.0,0.0,0.0,0.0,0.0
C201303,Friends for Dorsett,Tony Dorsett,D,State Representative - District 117 - Missouri House of Representatives,A,Friends for Dorsett,October Quarterly Report,2020,Full Disclosure,666.41,556.41,0.0,0.0,666.41,110.0,1332.82,0.0,0.0,0.0,0.0,0.0,0.0,0.0,0.0,0.0,0.0,0.0,0.0,0.0,0.0,0.0,0.0,0.0,556.41,0.0,0.0,0.0,556.41,0.0,0.0,0.0,0.0,0.0,0.0,0.0
C180125,McGirl For State Rep,Michael McGirl,R,State Representative - District 118 - Missouri House of Representatives,A,McGirl For State Rep,October Quarterly Report,2020,Full Disclosure,69739.26,4350.0,5000.0,0.0,9350.0,0.0,79089.26,13740.91,250.0,0.0,0.0,250.0,13990.91,5700.0,3500.0,0.0,0.0,3500.0,9200.0,0.0,0.0,0.0,0.0,23487.08,9350.0,3750.0,0.0,3750.0,29087.08,314.57,5000.0,0.0,0.0,0.0,0.0,5314.57
C161042,Citizens For Nathan Tate,Nathan Tate,R,State Representative - District 119 - Missouri House of Representatives,A,Citizens For Nathan Tate,October Quarterly Report,2020,Full Disclosure,92465.75,4400.0,0.0,0.0,4400.0,0.0,96865.75,65718.31,423.13,0.0,0.0,423.13,66141.44,8473.63,0.0,0.0,0.0,0.0,8473.63,0.0,0.0,0.0,0.0,16339.86,4400.0,423.13,0.0,423.13,20316.73,0.0,0.0,0.0,0.0,0.0,0.0,0.0
C190858,Hurlbert for Missouri,Joshua Hurlbert,R,State Representative - District 12 - Missouri House of Representatives,A,Hurlbert for Missouri,October Quarterly Report,2020,Full Disclosure,29295.27,2405.0,0.0,0.0,2577.21,172.21,31872.48,4198.67,1353.46,0.0,0.0,1353.46,5552.13,0.0,0.0,0.0,0.0,0.0,0.0,0.0,0.0,0.0,0.0,24676.33,2405.0,1353.46,0.0,1353.46,25727.87,10000.0,0.0,0.0,0.0,0.0,0.0,10000.0
C201090,Committee to Elect Wade Kiefer,Wade Kiefer,D,State Representative - District 12 - Missouri House of Representatives,A,Committee to Elect Wade Kiefer,October Quarterly Report,2020,Full Disclosure,7465.78,10335.18,0.0,1.86,10391.26,54.22,17857.04,867.49,675.08,0.0,0.0,675.08,1542.57,0.0,0.0,0.0,0.0,0.0,0.0,0.0,0.0,0.0,0.0,6286.94,10337.04,675.08,0.0,675.08,15948.9,0.0,0.0,0.0,0.0,0.0,0.0,0.0
C141157,COMMITTEE TO ELECT JASON CHIPMAN,Jason Chipman,R,State Representative - District 120 - Missouri House of Representatives,A,COMMITTEE TO ELECT JASON CHIPMAN,October Quarterly Report,2020,Full Disclosure,10300.0,3346.0,0.0,0.0,3346.0,0.0,13646.0,6184.06,698.78,0.0,0.0,698.78,6882.84,285.0,0.0,0.0,0.0,0.0,285.0,0.0,0.0,0.0,0.0,6622.07,3346.0,698.78,0.0,698.78,9269.29,0.0,0.0,0.0,0.0,0.0,0.0,0.0
C190786,Citizens For Theresa Schmitt,Theresa Schmitt,D,State Representative - District 120 - Missouri House of Representatives,A,Citizens For Theresa Schmitt,October Quarterly Report,2020,Full Disclosure,3658.24,931.41,0.0,0.0,931.41,0.0,4589.65,31.93,0.0,0.0,0.0,0.0,31.93,0.0,0.0,0.0,0.0,0.0,0.0,0.0,0.0,0.0,0.0,5659.94,931.41,0.0,0.0,0.0,6591.35,0.0,0.0,0.0,0.0,0.0,0.0,0.0
C180199,Donald B Mayhew FSR,Donald Mayhew,R,State Representative - District 121 - Missouri House of Representatives,A,Donald B Mayhew FSR,October Quarterly Report,2020,Full Disclosure,9430.02,1100.0,300.0,0.0,1400.0,0.0,10830.02,5800.16,300.0,0.0,0.0,300.0,6100.16,1000.0,0.0,0.0,0.0,0.0,1000.0,0.0,0.0,0.0,0.0,3896.36,1400.0,300.0,0.0,300.0,4996.36,18425.57,300.0,0.0,0.0,0.0,0.0,18725.57
C190754,Bill Hardwick for Missouri,Bill Hardwick,R,State Representative - District 122 - Missouri House of Representatives,A,Bill Hardwick for Missouri,October Quarterly Report,2020,Full Disclosure,17405.79,1050.0,0.0,0.0,1050.0,0.0,18455.79,7840.15,2464.53,0.0,0.0,2464.53,10304.68,0.0,0.0,0.0,0.0,0.0,0.0,0.0,0.0,0.0,0.0,6553.92,1050.0,2464.53,0.0,2464.53,5139.39,5300.0,0.0,0.0,0.0,0.0,0.0,5300.0
C190897,Yvonne Reeves Chong for Us Committee,Yvonne Chong,D,State Representative - District 122 - Missouri House of Representatives,A,Yvonne Reeves Chong for Us Committee,October Quarterly Report,2020,Full Disclosure,10387.0,3925.74,0.0,0.0,4010.74,85.0,14397.74,7596.82,2300.77,0.0,0.0,2300.77,9897.59,0.0,0.0,0.0,0.0,0.0,0.0,0.0,0.0,0.0,0.0,0.0,3925.74,2300.77,0.0,2300.77,1624.97,2259.18,0.0,0.0,0.0,0.0,0.0,2259.18
C201406,Committee To Elect Pat Bellew,Patrick Bellew,C,State Representative - District 123 - Missouri House of Representatives,A,Committee To Elect Pat Bellew,October Quarterly Report,2020,Full Disclosure,0.0,100.0,0.0,0.0,100.0,0.0,100.0,0.0,0.0,0.0,0.0,0.0,0.0,0.0,0.0,0.0,0.0,0.0,0.0,0.0,0.0,0.0,0.0,0.0,100.0,0.0,0.0,0.0,100.0,0.0,0.0,0.0,0.0,0.0,0.0,0.0
C171162,Friends Of Suzie Pollock,Suzie Pollock,R,State Representative - District 123 - Missouri House of Representatives,A,Friends Of Suzie Pollock,October Quarterly Report,2020,Full Disclosure,30816.1,0.0,0.0,0.0,0.0,0.0,30816.1,19286.83,1121.8,0.0,0.0,1121.8,20408.63,5000.0,0.0,0.0,0.0,0.0,5000.0,0.0,0.0,0.0,0.0,5072.86,0.0,1121.8,0.0,1121.8,3951.06,0.0,0.0,0.0,0.0,0.0,0.0,0.0
C190968,Citizens 4 Dr. Lisa Thomas,Lisa Thomas,R,State Representative - District 124 - Missouri House of Representatives,A,Citizens 4 Dr. Lisa Thomas,October Quarterly Report,2020,Full Disclosure,36643.7,3892.7,0.0,0.0,3892.7,0.0,40536.4,34791.06,582.6,0.0,0.0,582.6,35373.66,0.0,0.0,0.0,0.0,0.0,0.0,0.0,0.0,0.0,0.0,1852.64,3892.7,582.6,0.0,582.6,5162.74,9900.0,0.0,0.0,0.0,0.0,0.0,9900.0
C191044,Friends to Elect Jim Kalberloh,James Kalberloh,R,State Representative - District 125 - Missouri House of Representatives,A,Friends to Elect Jim Kalberloh,October Quarterly Report,2020,Full Disclosure,16165.0,2500.0,0.0,0.0,2500.0,0.0,18665.0,15003.19,360.9,0.0,0.0,360.9,15364.09,0.0,0.0,0.0,0.0,0.0,0.0,0.0,0.0,0.0,0.0,661.81,2500.0,360.9,0.0,360.9,2800.91,1250.0,0.0,0.0,0.0,0.0,0.0,1250.0
C201202,Hogan for Representative,Edwin Hogan,D,State Representative - District 126 - Missouri House of Representatives,A,Hogan for Representative,October Quarterly Report,2020,Full Disclosure,0.0,2022.98,0.0,0.0,2022.98,0.0,2022.98,0.0,750.99,0.0,0.0,750.99,750.99,0.0,0.0,0.0,0.0,0.0,0.0,0.0,0.0,0.0,0.0,0.0,2022.98,750.99,0.0,750.99,1271.99,0.0,0.0,0.0,0.0,0.0,0.0,0.0
C141542,Patricia Pike For State Representative-126,Patricia Pike,R,State Representative - District 126 - Missouri House of Representatives,A,Patricia Pike For State Representative-126,October Quarterly Report,2020,Full Disclosure,0.0,2450.0,0.0,0.0,2450.0,0.0,2450.0,0.0,0.0,0.0,0.0,0.0,0.0,0.0,0.0,0.0,0.0,0.0,0.0,0.0,0.0,0.0,0.0,6344.16,2450.0,0.0,0.0,0.0,8794.16,0.0,0.0,0.0,0.0,0.0,0.0,0.0
C171225,Committee To Elect Ann Kelley,Ann Kelley,R,State Representative - District 127 - Missouri House of Representatives,A,Committee To Elect Ann Kelley,October Quarterly Report,2020,Full Disclosure,21264.69,2100.0,0.0,0.0,2100.0,0.0,23364.69,16547.23,215.0,0.0,470.0,685.0,17232.23,0.0,0.0,0.0,0.0,0.0,0.0,0.0,0.0,0.0,0.0,6028.41,2100.0,215.0,0.0,215.0,7913.41,4036.45,0.0,470.0,0.0,0.0,0.0,4506.45
C201279,Manring4MO128,Marvin Manring,D,State Representative - District 128 - Missouri House of Representatives,A,Manring4MO128,October Quarterly Report,2020,Full Disclosure,13328.35,930.18,0.0,0.0,930.18,0.0,14258.53,6850.92,1066.98,0.0,0.0,1066.98,7917.9,0.0,0.0,0.0,0.0,0.0,0.0,0.0,0.0,0.0,0.0,6187.43,930.18,927.26,139.72,1066.98,6050.63,0.0,0.0,0.0,0.0,0.0,0.0,0.0
C151167,Stephens For State Rep,Michael Stephens,R,State Representative - District 128 - Missouri House of Representatives,A,Stephens For State Rep,October Quarterly Report,2020,Full Disclosure,8400.0,14350.0,0.0,0.0,14350.0,0.0,22750.0,3430.11,2512.5,0.0,0.0,2512.5,5942.61,1856.83,0.0,0.0,0.0,0.0,1856.83,0.0,0.0,0.0,0.0,18986.45,14350.0,2512.5,0.0,2512.5,30823.95,0.0,0.0,0.0,0.0,0.0,0.0,0.0
C171201,Friends Of Jeff Knight,Jeff Knight,R,State Representative - District 129 - Missouri House of Representatives,A,Friends Of Jeff Knight,October Quarterly Report,2020,Full Disclosure,81980.17,4250.0,0.0,0.0,4250.0,0.0,86230.17,58952.43,0.0,0.0,0.0,0.0,58952.43,6728.75,0.0,0.0,0.0,0.0,6728.75,0.0,0.0,0.0,0.0,15189.82,4250.0,0.0,0.0,0.0,19439.82,0.0,0.0,0.0,0.0,0.0,0.0,0.0
C201429,Citizens for Sean Pouche,Sean Pouche,R,State Representative - District 13 - Missouri House of Representatives,A,Citizens for Sean Pouche,October Quarterly Report,2020,Full Disclosure,0.0,8400.0,3000.0,0.0,11453.12,53.12,11453.12,0.0,411.64,0.0,1689.3,2100.94,2100.94,0.0,0.0,0.0,0.0,0.0,0.0,0.0,0.0,0.0,0.0,0.0,11400.0,411.64,0.0,411.64,10988.36,0.0,3000.0,1689.3,0.0,0.0,0.0,4689.3
C191029,Friends For Vic Abundis,Victor Abundis,D,State Representative - District 13 - Missouri House of Representatives,T,Friends For Vic Abundis,October Quarterly Report,2020,Full Disclosure,2563.79,9390.41,2742.0,0.0,12132.41,0.0,14696.2,3508.12,5000.0,0.0,15.0,5015.0,8523.12,105.0,0.0,0.0,0.0,0.0,105.0,0.0,0.0,0.0,0.0,578.45,12132.41,5000.0,0.0,5000.0,7710.86,0.0,2742.0,15.0,0.0,0.0,0.0,2757.0
C171332,Missourians For Vic Allred,Victor Allred,R,State Representative - District 13 - Missouri House of Representatives,A,Missourians For Vic Allred,October Quarterly Report,2020,Full Disclosure,100099.99,2350.0,0.0,0.0,2350.0,0.0,102449.99,62933.83,123.96,0.0,0.0,123.96,63057.79,0.0,0.0,0.0,0.0,0.0,0.0,10000.0,0.0,0.0,10000.0,11643.26,2350.0,10123.96,0.0,10123.96,3869.3,10000.0,0.0,0.0,0.0,10000.0,0.0,0.0
C190934,Committee to Elect Bishop Davidson,Bishop Davidson,R,State Representative - District 130 - Missouri House of Representatives,A,Committee to Elect Bishop Davidson,October Quarterly Report,2020,Full Disclosure,42423.49,11242.88,0.0,0.0,11242.88,0.0,53666.37,35802.81,1419.49,0.0,0.0,1419.49,37222.3,0.0,0.0,0.0,0.0,0.0,0.0,0.0,0.0,0.0,0.0,6242.98,11242.88,1419.49,0.0,1419.49,16066.37,0.0,0.0,0.0,0.0,0.0,0.0,0.0
C190922,Dave Gragg For Missouri,Dave Gragg,D,State Representative - District 130 - Missouri House of Representatives,A,Dave Gragg For Missouri,October Quarterly Report,2020,Full Disclosure,4343.56,414.41,0.0,0.0,414.41,0.0,4757.97,2084.49,725.55,0.0,0.0,725.55,2810.04,0.0,0.0,0.0,0.0,0.0,0.0,0.0,0.0,0.0,0.0,4345.87,414.41,725.55,0.0,725.55,4034.73,0.0,0.0,0.0,0.0,0.0,0.0,0.0
C201173,Committee to Elect Allison Schoolcraft,Allison Schoolcraft,D,State Representative - District 131 - Missouri House of Representatives,A,Committee to Elect Allison Schoolcraft,October Quarterly Report,2020,Full Disclosure,665.0,1928.85,0.0,0.0,1928.85,0.0,2593.85,80.84,844.6,0.0,0.0,844.6,925.44,0.0,0.0,0.0,0.0,0.0,0.0,0.0,0.0,0.0,0.0,294.16,1928.85,795.17,49.43,844.6,1378.41,0.0,0.0,0.0,0.0,0.0,0.0,0.0
C190842,Citizens for Owen,Bill Owen,R,State Representative - District 131 - Missouri House of Representatives,A,Citizens for Owen,October Quarterly Report,2020,Full Disclosure,29271.8,6659.7,0.0,0.0,6659.7,0.0,35931.5,17246.59,1550.0,0.0,0.0,1550.0,18796.59,200.0,0.0,0.0,0.0,0.0,200.0,0.0,0.0,0.0,0.0,11373.21,6659.7,1550.0,0.0,1550.0,16482.91,0.0,0.0,0.0,0.0,0.0,0.0,0.0
C151099,CITIZENS FOR CRYSTAL QUADE,CRYSTAL QUADE,D,State Representative - District 132 - Missouri House of Representatives,A,CITIZENS FOR CRYSTAL QUADE,October Quarterly Report,2020,Full Disclosure,0.0,27331.18,0.0,0.0,27331.18,0.0,27331.18,0.0,8485.58,0.0,0.0,8485.58,8485.58,0.0,25000.0,0.0,0.0,25000.0,25000.0,0.0,0.0,0.0,0.0,46246.4,27331.18,33485.58,0.0,33485.58,40092.0,0.0,0.0,0.0,0.0,0.0,0.0,0.0
C190757,Cindy Slimp For The People,Cindy Slimp,D,State Representative - District 133 - Missouri House of Representatives,A,Cindy Slimp For The People,October Quarterly Report,2020,Full Disclosure,8207.22,1513.38,0.0,0.0,1513.38,0.0,9720.6,5305.19,242.78,0.0,0.0,242.78,5547.97,0.0,0.0,0.0,0.0,0.0,0.0,0.0,0.0,0.0,0.0,2879.72,1513.38,242.78,0.0,242.78,4150.32,0.0,0.0,0.0,0.0,0.0,0.0,0.0
C151073,Friends Of Curtis Trent,Curtis Trent,R,State Representative - District 133 - Missouri House of Representatives,A,Friends Of Curtis Trent,October Quarterly Report,2020,Full Disclosure,33588.0,47500.0,0.0,0.0,47575.0,75.0,81163.0,21427.4,7989.3,0.0,0.0,7989.3,29416.7,3501.96,100.0,0.0,0.0,100.0,3601.96,0.0,0.0,0.0,0.0,84756.36,47500.0,8089.3,0.0,8089.3,124167.06,0.0,0.0,0.0,0.0,0.0,0.0,0.0
C190873,Alex Riley for State Representative,Alex Riley,R,State Representative - District 134 - Missouri House of Representatives,A,Alex Riley for State Representative ,October Quarterly Report,2020,Full Disclosure,1505.0,12348.33,0.0,0.0,12448.33,100.0,13953.33,1049.25,2355.44,0.0,0.0,2355.44,3404.69,0.0,0.0,0.0,0.0,0.0,0.0,0.0,0.0,0.0,0.0,4316.34,12348.33,2355.44,0.0,2355.44,14309.23,0.0,0.0,0.0,0.0,0.0,0.0,0.0
C190789,Nowlin For The 134th,Derrick Nowlin,D,State Representative - District 134 - Missouri House of Representatives,A,Nowlin For The 134th,October Quarterly Report,2020,Full Disclosure,9703.73,4424.0,0.0,0.0,4424.0,0.0,14127.73,7175.1,904.93,0.0,0.0,904.93,8080.03,0.0,0.0,0.0,0.0,0.0,0.0,0.0,0.0,0.0,0.0,1886.88,4424.0,904.93,0.0,904.93,5405.95,39.47,0.0,0.0,0.0,0.0,0.0,39.47
C190984,Fogle for Missouri,Elizabeth Fogle,D,State Representative - District 135 - Missouri House of Representatives,A,Fogle for Missouri,October Quarterly Report,2020,Full Disclosure,97394.92,37699.18,0.0,0.0,37835.54,136.36,135230.46,11634.36,15647.32,0.0,0.0,15647.32,27281.68,175.0,0.0,0.0,0.0,0.0,175.0,0.0,0.0,0.0,0.0,75907.07,37699.18,15647.32,0.0,15647.32,97958.93,0.0,0.0,0.0,0.0,0.0,0.0,0.0
C161073,Friends Of Steve Helms,Steve Helms,R,State Representative - District 135 - Missouri House of Representatives,A,Friends Of Steve Helms,October Quarterly Report,2020,Full Disclosure,37303.42,13915.0,0.0,0.0,13915.0,0.0,51218.42,6837.55,37070.27,0.0,0.0,37070.27,43907.82,750.0,0.0,0.0,0.0,0.0,750.0,0.0,0.0,0.0,0.0,41917.58,13915.0,37070.27,0.0,37070.27,18762.31,0.0,0.0,0.0,0.0,0.0,0.0,0.0
C190810,Vicke Kepling For MO 135,Vicke Kepling,G,State Representative - District 135 - Missouri House of Representatives,A,Vicke Kepling For MO 135,October Quarterly Report,2020,Full Disclosure,9475.05,3507.0,0.0,0.0,3507.0,0.0,12982.05,6593.98,5455.32,0.0,0.0,5455.32,12049.3,0.0,0.0,0.0,0.0,0.0,0.0,0.0,0.0,0.0,0.0,2769.07,3507.0,5235.32,220.0,5455.32,820.75,0.0,0.0,0.0,0.0,0.0,0.0,0.0
C180060,Craig Fishel For State Representative,Craig Fishel,R,State Representative - District 136 - Missouri House of Representatives,A,Craig Fishel For State Representative,October Quarterly Report,2020,Full Disclosure,19622.42,21400.0,0.0,32.44,21432.44,0.0,41054.86,6049.58,3222.29,0.0,0.0,3222.29,9271.87,1000.0,0.0,0.0,0.0,0.0,1000.0,0.0,0.0,0.0,0.0,13741.95,21432.44,3222.29,0.0,3222.29,31952.1,8200.0,0.0,0.0,0.0,0.0,0.0,8200.0
C190756,Munzinger For Missouri 136,Jeff Munzinger,D,State Representative - District 136 - Missouri House of Representatives,A,Munzinger For Missouri 136,October Quarterly Report,2020,Full Disclosure,50340.2,17655.41,0.0,0.0,17930.88,275.47,68271.08,5190.11,17337.95,0.0,0.0,17337.95,22528.06,0.0,0.0,0.0,0.0,0.0,0.0,0.0,0.0,0.0,0.0,41254.8,17655.41,17337.95,0.0,17337.95,41572.26,0.0,0.0,0.0,0.0,0.0,0.0,0.0
C180080,Committee To Elect John Black,John Black,R,State Representative - District 137 - Missouri House of Representatives,A,Committee To Elect John Black,October Quarterly Report,2020,Full Disclosure,1250.0,8000.0,0.0,0.0,8014.69,14.69,9264.69,1340.0,369.95,0.0,0.0,369.95,1709.95,150.0,0.0,0.0,0.0,0.0,150.0,0.0,1340.0,0.0,1340.0,22706.63,8000.0,1709.95,0.0,1709.95,28996.68,1340.0,0.0,0.0,0.0,0.0,0.0,0.0
C180713,Citizens For Raymond Lampert,Raymond Lampert,D,State Representative - District 137 - Missouri House of Representatives,A,Citizens For Raymond Lampert,October Quarterly Report,2020,Full Disclosure,3794.43,430.18,0.0,0.0,430.18,0.0,4224.61,1075.72,95.09,0.0,0.0,95.09,1170.81,0.0,0.0,0.0,0.0,0.0,0.0,0.0,0.0,1.0,1.0,4179.61,430.18,72.12,23.97,96.09,4513.7,0.0,0.0,0.0,0.0,0.0,0.0,0.0
C171106,Citizens For Brad Hudson,Bradley Hudson,R,State Representative - District 138 - Missouri House of Representatives,A,Citizens For Brad Hudson,October Quarterly Report,2020,Full Disclosure,500.0,2650.0,0.0,50.0,2700.0,0.0,3200.0,0.0,271.15,0.0,0.0,271.15,271.15,0.0,1000.0,0.0,0.0,1000.0,1000.0,0.0,0.0,57.35,57.35,11026.72,2700.0,1328.5,0.0,1328.5,12398.22,0.0,0.0,0.0,0.0,0.0,0.0,0.0
C141273,Friends For Jered Taylor,Jered Taylor,R,State Representative - District 139 - Missouri House of Representatives,A,Friends For Jered Taylor,October Quarterly Report,2020,Full Disclosure,9176.42,800.0,0.0,0.0,800.0,0.0,9976.42,10667.59,222.58,0.0,0.0,222.58,10890.17,1330.0,0.0,0.0,0.0,0.0,1330.0,0.0,0.0,0.0,0.0,1533.57,800.0,222.58,0.0,222.58,2110.99,0.0,0.0,0.0,0.0,0.0,0.0,0.0
C201180,Ashley Aune for Missouri,Ashley Aune,D,State Representative - District 14 - Missouri House of Representatives,A,Ashley Aune for Missouri,October Quarterly Report,2020,Full Disclosure,34344.43,34476.72,0.0,0.0,34613.08,136.36,68957.51,6424.49,10830.26,0.0,0.0,10830.26,17254.75,0.0,0.0,0.0,0.0,0.0,0.0,0.0,0.0,1000.0,1000.0,23099.94,34476.72,11830.26,0.0,11830.26,45746.4,0.0,0.0,0.0,0.0,0.0,0.0,0.0
C201309,Friends for Eric Holmes,Eric Holmes,R,State Representative - District 14 - Missouri House of Representatives,A,Friends for Eric Holmes,October Quarterly Report,2020,Full Disclosure,13724.85,7370.0,0.0,0.0,7459.47,89.47,21184.32,49.44,2042.39,0.0,0.0,2042.39,2091.83,0.0,0.0,0.0,0.0,0.0,0.0,0.0,0.0,0.0,0.0,12775.56,7370.0,2035.39,7.0,2042.39,18103.17,0.0,0.0,0.0,0.0,0.0,0.0,0.0
C201323,Citizens For Derges,Tricia Derges,R,State Representative - District 140 - Missouri House of Representatives,A,Citizens For Derges,October Quarterly Report,2020,Full Disclosure,14422.25,3600.0,0.0,2.37,3624.58,22.21,18046.83,14422.25,439.5,0.0,0.0,439.5,14861.75,0.0,0.0,0.0,0.0,0.0,0.0,0.0,0.0,0.0,0.0,0.0,3602.37,428.56,10.94,439.5,3162.87,13022.25,0.0,0.0,0.0,0.0,0.0,13022.25
C151179,Friends Of Hannah Kelly,Hannah Kelly,R,State Representative - District 141 - Missouri House of Representatives,A,Friends Of Hannah Kelly,October Quarterly Report,2020,Full Disclosure,0.0,10746.0,0.0,0.0,10746.0,0.0,10746.0,0.0,2523.37,0.0,0.0,2523.37,2523.37,0.0,0.0,0.0,0.0,0.0,0.0,0.0,0.0,0.0,0.0,7410.0,10746.0,2523.37,0.0,2523.37,15632.63,3500.0,0.0,0.0,0.0,0.0,0.0,3500.0
C190949,Bennie Cook for State Representative,Bennie Cook,R,State Representative - District 142 - Missouri House of Representatives,A,Bennie Cook for State Representative,October Quarterly Report,2020,Full Disclosure,16131.8,1500.0,700.0,0.0,2222.21,22.21,18354.01,15558.6,1588.95,0.0,0.0,1588.95,17147.55,0.0,0.0,0.0,0.0,0.0,0.0,245.06,0.0,0.0,245.06,3814.48,2200.0,1834.01,0.0,1834.01,4180.47,923.71,700.0,0.0,0.0,245.06,0.0,1378.65
C201166,Citizens for Ron Copeland,Ronald Copeland,R,State Representative - District 143 - Missouri House of Representatives,A,Citizens for Ron Copeland,October Quarterly Report,2020,Full Disclosure,29307.25,2300.0,0.0,0.0,2322.21,22.21,31629.46,28950.63,395.04,0.0,0.0,395.04,29345.67,0.0,0.0,0.0,0.0,0.0,0.0,0.0,0.0,0.0,0.0,36.62,2300.0,395.04,0.0,395.04,1941.58,0.0,0.0,0.0,0.0,0.0,0.0,0.0
C171124,Friends For Chris Dodson Dinkins,Chris Dinkins,R,State Representative - District 144 - Missouri House of Representatives,A,Friends For Chris Dodson Dinkins,October Quarterly Report,2020,Full Disclosure,4291.0,1750.0,0.0,0.0,1750.0,0.0,6041.0,2400.0,2632.54,0.0,0.0,2632.54,5032.54,0.0,0.0,0.0,0.0,0.0,0.0,0.0,0.0,0.0,0.0,13765.56,1750.0,2632.54,0.0,2632.54,12883.02,0.0,0.0,0.0,0.0,0.0,0.0,0.0
C161035,FRIENDS FOR FRANCIS,RICK FRANCIS,R,State Representative - District 145 - Missouri House of Representatives,A,FRIENDS FOR FRANCIS,October Quarterly Report,2020,Full Disclosure,10274.55,15150.0,0.0,0.0,15150.0,0.0,25424.55,42428.35,4394.17,0.0,0.0,4394.17,46822.52,8900.0,0.0,0.0,0.0,0.0,8900.0,619.92,0.0,0.0,619.92,40139.23,15150.0,5014.09,0.0,5014.09,50275.14,619.92,0.0,0.0,0.0,619.92,0.0,0.0
C171393,Friends Of Barry Hovis,Barry Hovis,R,State Representative - District 146 - Missouri House of Representatives,A,Friends Of Barry Hovis,October Quarterly Report,2020,Full Disclosure,5782.32,0.0,0.0,0.0,0.0,0.0,5782.32,975.25,399.81,0.0,0.0,399.81,1375.06,2300.0,0.0,0.0,0.0,0.0,2300.0,0.0,0.0,0.0,0.0,3805.53,0.0,399.81,0.0,399.81,3405.72,25350.0,0.0,0.0,0.0,0.0,0.0,25350.0
C101334,Friends Of Wayne Wallingford,A WALLINGFORD,R,State Representative - District 147 - Missouri House of Representatives,A,Friends Of Wayne Wallingford,October Quarterly Report,2020,Full Disclosure,0.0,12400.0,0.0,704.69,13104.69,0.0,13104.69,0.0,1706.66,0.0,0.0,1706.66,1706.66,0.0,500.0,0.0,0.0,500.0,500.0,0.0,0.0,0.0,0.0,44011.38,13104.69,2206.66,0.0,2206.66,54909.41,0.0,0.0,0.0,0.0,0.0,0.0,0.0
C201195,Leighton For MO,Andrew Leighton,D,State Representative - District 147 - Missouri House of Representatives,A,Leighton For MO,October Quarterly Report,2020,Full Disclosure,9382.12,2127.18,0.0,0.0,2352.18,225.0,11734.3,3320.42,2883.56,0.0,0.0,2883.56,6203.98,0.0,0.0,0.0,0.0,0.0,0.0,0.0,0.0,0.0,0.0,5621.83,2127.18,2883.56,0.0,2883.56,4865.45,205.13,0.0,0.0,0.0,0.0,0.0,205.13
C191030,Committee to Elect Jamie Burger HD # 148,Jamie Burger,R,State Representative - District 148 - Missouri House of Representatives,A,Committee to Elect Jamie Burger HD # 148,October Quarterly Report,2020,Full Disclosure,47393.0,3850.0,0.0,0.0,3872.21,22.21,51265.21,43325.46,63.07,0.0,0.0,63.07,43388.53,0.0,0.0,0.0,0.0,0.0,0.0,0.0,0.0,0.0,0.0,3057.54,3850.0,63.07,0.0,63.07,6844.47,50.0,0.0,0.0,0.0,0.0,0.0,50.0
C141221,Friends Of Don Rone,Don Rone,R,State Representative - District 149 - Missouri House of Representatives,A,Friends Of Don Rone,October Quarterly Report,2020,Full Disclosure,4625.0,250.0,0.0,0.0,260.0,10.0,4885.0,3494.53,600.0,0.0,0.0,600.0,4094.53,0.0,0.0,0.0,0.0,0.0,0.0,0.0,0.0,0.0,0.0,14564.08,250.0,600.0,0.0,600.0,14214.08,0.0,0.0,0.0,0.0,0.0,0.0,0.0
C180739,SteveWest4Missouri,John West,R,State Representative - District 15 - Missouri House of Representatives,A,SteveWest4Missouri,October Quarterly Report,2020,Full Disclosure,23658.58,3750.0,0.0,0.0,3750.0,0.0,27408.58,16530.79,1591.05,0.0,0.0,1591.05,18121.84,0.0,0.0,0.0,0.0,0.0,0.0,0.0,0.0,0.0,0.0,404.65,3750.0,1591.05,0.0,1591.05,2563.6,0.0,0.0,0.0,0.0,0.0,0.0,0.0
C190845,Maggie Nurrenbern for Missouri,"Margaret ""Maggie"" Nurrenbern",D,State Representative - District 15 - Missouri House of Representatives,A,Maggie Nurrenbern for Missouri,October Quarterly Report,2020,Full Disclosure,70045.54,27014.91,0.0,0.0,27464.91,450.0,97510.45,10895.06,8040.52,0.0,0.0,8040.52,18935.58,1100.0,0.0,0.0,0.0,0.0,1100.0,0.0,0.0,0.0,0.0,57010.48,27014.91,8040.52,0.0,8040.52,75984.87,5000.0,0.0,0.0,0.0,0.0,0.0,5000.0
C141259,McDaniel For State Representative,Andrew McDaniel,R,State Representative - District 150 - Missouri House of Representatives,A,McDaniel For State Representative,October Quarterly Report,2020,Full Disclosure,15000.0,0.0,0.0,0.0,0.0,0.0,15000.0,12949.92,5.0,0.0,0.0,5.0,12954.92,1200.0,0.0,0.0,0.0,0.0,1200.0,0.0,0.0,0.0,0.0,3011.12,0.0,5.0,0.0,5.0,3006.12,0.0,0.0,0.0,0.0,0.0,0.0,0.0
C171262,Southeast Missourians For Morse,Herman Morse,R,State Representative - District 151 - Missouri House of Representatives,A,Southeast Missourians For Morse,October Quarterly Report,2020,Full Disclosure,27485.0,1050.0,0.0,0.0,1050.0,0.0,28535.0,17612.39,0.0,0.0,0.0,0.0,17612.39,0.0,0.0,0.0,0.0,0.0,0.0,0.0,0.0,0.0,0.0,6455.07,1050.0,0.0,0.0,0.0,7505.07,7273.33,0.0,0.0,0.0,0.0,0.0,7273.33
C171076,Friends For Hardy Billington,Hardy Billington,R,State Representative - District 152 - Missouri House of Representatives,A,Friends For Hardy Billington,October Quarterly Report,2020,Full Disclosure,172706.29,2200.0,0.0,0.0,2200.0,0.0,174906.29,55863.71,0.0,0.0,0.0,0.0,55863.71,12150.0,0.0,0.0,0.0,0.0,12150.0,0.0,0.0,0.0,0.0,22116.27,2200.0,0.0,0.0,0.0,24316.27,15650.0,0.0,0.0,0.0,0.0,0.0,15650.0
C190993,Citizens for Atchison,Darrell Atchison,R,State Representative - District 153 - Missouri House of Representatives,A,Citizens for Atchison ,October Quarterly Report,2020,Full Disclosure,38421.4,5350.0,500.0,0.0,5872.21,22.21,44293.61,37366.58,214.03,0.0,0.0,214.03,37580.61,750.0,0.0,0.0,0.0,0.0,750.0,0.0,0.0,0.0,0.0,304.82,5850.0,214.03,0.0,214.03,5940.79,22820.0,500.0,0.0,0.0,0.0,0.0,23320.0
C180340,Committee To Elect David Evans,David Evans,R,State Representative - District 154 - Missouri House of Representatives,A,Committee To Elect David Evans,October Quarterly Report,2020,Full Disclosure,15072.42,4050.0,0.0,0.0,4050.0,0.0,19122.42,12879.38,0.0,0.0,0.0,0.0,12879.38,1750.0,0.0,0.0,0.0,0.0,1750.0,0.0,0.0,0.0,0.0,6596.66,4050.0,0.0,0.0,0.0,10646.66,8900.0,0.0,0.0,0.0,0.0,4900.0,4000.0
C201244E,Mike Lind,Mike Lind,D,State Representative - District 155 - Missouri House of Representatives,A,Mike Lind,October Quarterly Report,2020,Limited Activity,,,,,,,,,,,,,,,,,,,,,,,,,,,,,,,,,,,,
C201106,Travis Smith for Representative.com,Travis Smith,R,State Representative - District 155 - Missouri House of Representatives,A,Travis Smith for Representative.com ,October Quarterly Report,2020,Full Disclosure,0.0,0.0,0.0,0.0,0.0,0.0,0.0,0.0,600.0,0.0,0.0,600.0,600.0,0.0,0.0,0.0,0.0,0.0,0.0,0.0,0.0,0.0,0.0,2733.7,0.0,600.0,0.0,600.0,2133.7,50700.0,0.0,0.0,0.0,0.0,0.0,50700.0
C201126,The Seitz Conservative Coalition,Brian Seitz,R,State Representative - District 156 - Missouri House of Representatives,A,The Seitz Conservative Coalition,October Quarterly Report,2020,Full Disclosure,13053.57,1825.0,0.0,0.0,1825.0,0.0,14878.57,11456.6,226.97,0.0,0.0,226.97,11683.57,0.0,0.0,0.0,0.0,0.0,0.0,0.0,0.0,0.0,0.0,1343.4,1825.0,226.97,0.0,226.97,2941.43,0.0,0.0,0.0,0.0,0.0,0.0,0.0
C201409,Committee to Elect Dale Speelman,Dale Speelman,D,State Representative - District 156 - Missouri House of Representatives,A,Committee to Elect Dale Speelman,October Quarterly Report,2020,Full Disclosure,0.0,106.37,0.0,0.0,106.37,0.0,106.37,450.0,450.0,0.0,0.0,450.0,900.0,106.37,0.0,0.0,0.0,0.0,106.37,0.0,0.0,0.0,0.0,831.24,106.37,0.0,450.0,450.0,487.61,0.0,0.0,0.0,0.0,0.0,0.0,0.0
C190859,Boggs for Missouri,Mitchell Boggs,R,State Representative - District 157 - Missouri House of Representatives,A,Boggs for Missouri,October Quarterly Report,2020,Full Disclosure,51069.1,500.0,0.0,0.0,500.0,0.0,51569.1,42867.66,297.99,0.0,0.0,297.99,43165.65,2200.0,0.0,0.0,0.0,0.0,2200.0,0.0,0.0,0.0,0.0,4851.44,500.0,297.99,0.0,297.99,5053.45,9000.0,0.0,0.0,0.0,0.0,0.0,9000.0
C201176,McKinney in the House,Brenda McKinney,D,State Representative - District 158 - Missouri House of Representatives,A,McKinney in the House,October Quarterly Report,2020,Full Disclosure,1568.5,1678.85,0.0,0.0,1678.85,0.0,3247.35,933.76,170.0,0.0,0.0,170.0,1103.76,0.0,0.0,0.0,0.0,0.0,0.0,0.0,0.0,0.0,0.0,344.74,1678.85,170.0,0.0,170.0,1853.59,0.0,0.0,0.0,0.0,0.0,0.0,0.0
C190870,Cupps for House,Scott Cupps,R,State Representative - District 158 - Missouri House of Representatives,A,Cupps for House,October Quarterly Report,2020,Full Disclosure,0.0,6749.26,0.0,0.0,6749.26,0.0,6749.26,0.0,3664.0,0.0,0.0,3664.0,3664.0,0.0,2050.0,0.0,0.0,2050.0,2050.0,0.0,0.0,0.0,0.0,1964.74,6749.26,5714.0,0.0,5714.0,3000.0,0.0,0.0,0.0,0.0,0.0,0.0,0.0
C171315,Dirk Deaton For Missouri,Dirk Deaton,R,State Representative - District 159 - Missouri House of Representatives,A,Dirk Deaton For Missouri,October Quarterly Report,2020,Full Disclosure,35016.0,6850.0,0.0,10.62,6860.62,0.0,41876.62,21872.98,402.28,0.0,0.0,402.28,22275.26,7083.0,0.0,0.0,0.0,0.0,7083.0,0.0,0.0,0.0,0.0,10693.75,6860.62,402.28,0.0,402.28,17152.09,0.0,0.0,0.0,0.0,0.0,0.0,0.0
C190882,Chris Brown for Missouri House,Chris Brown,R,State Representative - District 16 - Missouri House of Representatives,A,Chris Brown for Missouri House,October Quarterly Report,2020,Full Disclosure,20721.0,10376.0,0.0,0.0,10376.0,0.0,31097.0,7883.12,3312.63,0.0,0.0,3312.63,11195.75,0.0,0.0,0.0,0.0,0.0,0.0,0.0,0.0,0.0,0.0,12837.3,10376.0,3312.63,0.0,3312.63,19900.67,5400.0,0.0,0.0,0.0,0.0,0.0,5400.0
C190883,The Committee to Elect James Shackelford,James Shackelford,D,State Representative - District 16 - Missouri House of Representatives,A,The Committee to Elect James Shackelford,October Quarterly Report,2020,Full Disclosure,47928.81,22063.85,0.0,0.0,22200.21,136.36,70129.02,20651.36,4006.21,0.0,0.0,4006.21,24657.57,70.0,25.0,0.0,0.0,25.0,95.0,0.0,0.0,0.0,0.0,25539.95,22063.85,4031.21,0.0,4031.21,43572.59,0.0,0.0,0.0,0.0,0.0,0.0,0.0
C201194,Angela Thomas District 160,Angela Thomas,D,State Representative - District 160 - Missouri House of Representatives,A,Angela Thomas District 160,October Quarterly Report,2020,Full Disclosure,700.0,3407.25,0.0,0.0,3407.25,0.0,4107.25,417.59,1541.26,0.0,0.0,1541.26,1958.85,0.0,0.0,0.0,0.0,0.0,0.0,0.0,0.0,0.0,0.0,282.41,3407.25,1541.26,0.0,1541.26,2148.4,0.0,0.0,0.0,0.0,0.0,0.0,0.0
C171176,Elect Ben Baker,Ben Baker,R,State Representative - District 160 - Missouri House of Representatives,A,Elect Ben Baker,October Quarterly Report,2020,Full Disclosure,74545.79,4048.7,0.0,0.0,4048.7,0.0,78594.49,55410.42,1035.98,0.0,0.0,1035.98,56446.4,8200.0,0.0,0.0,0.0,0.0,8200.0,0.0,0.0,0.0,0.0,8044.83,4048.7,1035.98,0.0,1035.98,11057.55,0.0,0.0,0.0,0.0,0.0,0.0,0.0
C171146,Friends Of Lane Roberts,Lane Roberts,R,State Representative - District 161 - Missouri House of Representatives,A,Friends Of Lane Roberts,October Quarterly Report,2020,Full Disclosure,11971.25,10150.0,0.0,0.0,10150.0,0.0,22121.25,814.46,3511.77,0.0,0.0,3511.77,4326.23,0.0,0.0,0.0,0.0,0.0,0.0,0.0,0.0,0.0,0.0,13372.8,10150.0,3511.77,0.0,3511.77,20011.03,0.0,0.0,0.0,0.0,0.0,0.0,0.0
C180117,Committee To Elect Bob Bromley,Robert Bromley,R,State Representative - District 162 - Missouri House of Representatives,A,Committee To Elect Bob Bromley,October Quarterly Report,2020,Full Disclosure,31975.0,1900.0,0.0,0.0,1900.0,0.0,33875.0,3289.45,369.0,0.0,0.0,369.0,3658.45,8300.0,0.0,0.0,0.0,0.0,8300.0,0.0,0.0,0.0,0.0,3111.6,1900.0,369.0,0.0,369.0,4642.6,23000.0,0.0,0.0,0.0,0.0,0.0,23000.0
C201235,Empower Missourians Hailey,Aaron Hailey,D,State Representative - District 163 - Missouri House of Representatives,A,Empower Missourians Hailey,October Quarterly Report,2020,Full Disclosure,0.0,758.24,0.0,0.0,758.24,0.0,758.24,0.0,0.0,0.0,0.0,0.0,0.0,0.0,0.0,0.0,0.0,0.0,0.0,0.0,0.0,0.0,0.0,100.0,758.24,0.0,0.0,0.0,858.24,0.0,0.0,0.0,0.0,0.0,0.0,0.0
C161051,Missourians For Cody Smith,David Smith,R,State Representative - District 163 - Missouri House of Representatives,A,Missourians For Cody Smith,October Quarterly Report,2020,Full Disclosure,256493.65,34542.0,0.0,0.0,34617.0,75.0,291110.65,129031.1,4184.36,0.0,0.0,4184.36,133215.46,36676.7,0.0,0.0,0.0,0.0,36676.7,0.0,0.0,0.0,0.0,100849.08,34542.0,4184.36,0.0,4184.36,131206.72,0.0,0.0,0.0,0.0,0.0,0.0,0.0
C191037,Vircks Election Committee,Brandt Vircks,R,State Representative - District 17 - Missouri House of Representatives,A,Vircks Election Committee,October Quarterly Report,2020,Full Disclosure,2621.0,757.0,0.0,0.0,757.0,0.0,3378.0,1697.79,584.3,0.0,0.0,584.3,2282.09,0.0,0.0,0.0,0.0,0.0,0.0,308.76,0.0,0.0,308.76,1136.97,757.0,0.0,893.06,893.06,1000.91,2308.76,0.0,0.0,0.0,308.76,0.0,2000.0
C161210,Friends Of Mark Ellebracht,Mark Ellebracht,D,State Representative - District 17 - Missouri House of Representatives,A,Friends Of Mark Ellebracht,October Quarterly Report,2020,Full Disclosure,64361.25,25536.41,0.0,0.0,25536.41,0.0,89897.66,42701.84,11967.78,0.0,7000.0,18967.78,61669.62,0.0,0.0,0.0,0.0,0.0,0.0,0.0,0.0,0.0,0.0,24226.56,25536.41,11967.78,0.0,11967.78,37795.19,0.0,0.0,7000.0,0.0,0.0,0.0,7000.0
C180114,Rogers For Missouri,Wesley Rogers,D,State Representative - District 18 - Missouri House of Representatives,A,Rogers For Missouri,October Quarterly Report,2020,Full Disclosure,40146.18,11551.0,0.0,770.0,12321.0,0.0,52467.18,11327.39,774.85,0.0,0.0,774.85,12102.24,9561.0,5001.0,0.0,0.0,5001.0,14562.0,0.0,0.0,0.0,0.0,20520.02,12321.0,5775.85,0.0,5775.85,27065.17,500.0,0.0,0.0,0.0,0.0,0.0,500.0
C161001,Ingrid Burnett For Missouri,INGRID BURNETT,D,State Representative - District 19 - Missouri House of Representatives,A,Ingrid Burnett For Missouri,October Quarterly Report,2020,Full Disclosure,47246.83,4460.18,0.0,0.0,4460.18,0.0,51707.01,53909.04,426.28,0.0,0.0,426.28,54335.32,1000.0,0.0,0.0,0.0,0.0,1000.0,0.0,0.0,0.0,0.0,1047.37,4460.18,426.28,0.0,426.28,5081.27,10500.0,0.0,0.0,0.0,0.0,0.0,10500.0
C131144,CITIZENS FOR EGGLESTON,J EGGLESTON,R,State Representative - District 2 - Missouri House of Representatives,A,CITIZENS FOR EGGLESTON,October Quarterly Report,2020,Full Disclosure,21946.0,2750.0,0.0,0.0,2750.0,0.0,24696.0,3904.63,285.6,0.0,0.0,285.6,4190.23,5136.0,0.0,0.0,0.0,0.0,5136.0,0.0,0.0,0.0,0.0,51740.7,2750.0,285.6,0.0,285.6,54205.1,0.0,0.0,0.0,0.0,0.0,0.0,0.0
C201163,Mindi Smith for Missouri,Mindi Smith,D,State Representative - District 2 - Missouri House of Representatives,A,Mindi Smith for Missouri,October Quarterly Report,2020,Full Disclosure,3478.83,238.41,0.0,0.0,238.41,0.0,3717.24,1365.21,793.19,0.0,0.0,793.19,2158.4,0.0,0.0,0.0,0.0,0.0,0.0,0.0,0.0,0.0,0.0,1751.62,238.41,793.19,0.0,793.19,1196.84,0.0,0.0,0.0,0.0,0.0,0.0,0.0
C141233,Bill Kidd For Missouri,Bill Kidd,R,State Representative - District 20 - Missouri House of Representatives,A,Bill Kidd For Missouri,October Quarterly Report,2020,Full Disclosure,30309.3,8546.0,0.0,0.0,8546.0,0.0,38855.3,26662.7,43899.37,0.0,0.0,43899.37,70562.07,5000.0,0.0,0.0,0.0,0.0,5000.0,0.0,0.0,316.25,316.25,55780.77,8546.0,44215.62,0.0,44215.62,20111.15,0.0,0.0,0.0,0.0,0.0,0.0,0.0
C171292,Committee To Elect Robert Sauls,Robert Sauls,D,State Representative - District 21 - Missouri House of Representatives,A,Committee To Elect Robert Sauls,October Quarterly Report,2020,Full Disclosure,76351.99,20562.41,0.0,0.0,20562.41,0.0,96914.4,46001.9,6445.51,0.0,0.0,6445.51,52447.41,6250.0,0.0,0.0,0.0,0.0,6250.0,0.0,0.0,0.0,0.0,25531.23,20562.41,6445.51,0.0,6445.51,39648.13,1471.14,0.0,0.0,0.0,0.0,0.0,1471.14
C201370E,Vicki Riley,Vicki Riley,R,State Representative - District 21 - Missouri House of Representatives,A,Vicki Riley,October Quarterly Report,2020,Limited Activity,,,,,,,,,,,,,,,,,,,,,,,,,,,,,,,,,,,,
C190970,Committee to Elect Yolanda Young,Yolanda Young,D,State Representative - District 22 - Missouri House of Representatives,A,Committee to Elect Yolanda Young,October Quarterly Report,2020,Full Disclosure,7390.23,1756.41,0.0,0.0,1756.41,0.0,9146.64,8125.18,178.0,0.0,0.0,178.0,8303.18,0.0,250.0,0.0,0.0,250.0,250.0,600.0,0.0,0.0,600.0,957.25,1756.41,1000.0,28.0,1028.0,1685.66,1200.0,0.0,0.0,0.0,600.0,0.0,600.0
C201358,Michael L Johnson for State Rep,Michael Johnson,D,State Representative - District 23 - Missouri House of Representatives,A,Michael L Johnson for State Rep,October Quarterly Report,2020,Full Disclosure,9506.24,1331.41,0.0,0.0,1331.41,0.0,10837.65,1145.68,292.32,0.0,0.0,292.32,1438.0,0.0,0.0,0.0,0.0,0.0,0.0,0.0,0.0,0.0,0.0,8360.56,1331.41,292.32,0.0,292.32,9399.65,0.0,0.0,0.0,0.0,0.0,0.0,0.0
C190807,Emily Weber For Missouri,Emily Weber,D,State Representative - District 24 - Missouri House of Representatives,A,Emily Weber For Missouri,October Quarterly Report,2020,Full Disclosure,31445.47,7190.18,0.0,0.0,7190.18,0.0,38635.65,25603.8,2712.7,0.0,0.0,2712.7,28316.5,0.0,450.0,0.0,0.0,450.0,450.0,0.0,0.0,0.0,0.0,5423.0,7190.18,3162.7,0.0,3162.7,9450.48,0.0,0.0,0.0,0.0,0.0,0.0,0.0
C190852,Voters for Patty Lewis,Patricia Lewis,D,State Representative - District 25 - Missouri House of Representatives,A,Voters for Patty Lewis,October Quarterly Report,2020,Full Disclosure,72139.03,6055.18,0.0,0.0,6055.18,0.0,78194.21,62323.66,185.75,0.0,0.0,185.75,62509.41,0.0,0.0,0.0,0.0,0.0,0.0,0.0,0.0,0.0,0.0,6875.97,6055.18,185.75,0.0,185.75,12745.4,0.0,0.0,0.0,0.0,0.0,0.0,0.0
C180242,Manlove For Missouri,Ashley Manlove,D,State Representative - District 26 - Missouri House of Representatives,A,Manlove For Missouri,October Quarterly Report,2020,Full Disclosure,55455.04,5416.77,0.0,0.0,5416.77,0.0,60871.81,45098.1,2358.05,0.0,0.0,2358.05,47456.15,500.0,0.0,0.0,0.0,0.0,500.0,0.0,0.0,0.0,0.0,9416.37,5416.77,2358.05,0.0,2358.05,12475.09,4730.0,0.0,0.0,0.0,0.0,0.0,4730.0
C161160,Friends Of Richard Brown,Richard Brown,D,State Representative - District 27 - Missouri House of Representatives,A,Friends Of Richard Brown,October Quarterly Report,2020,Full Disclosure,72992.25,4459.61,0.0,0.0,4459.61,0.0,77451.86,12126.63,0.0,0.0,0.0,0.0,12126.63,1250.0,500.0,0.0,0.0,500.0,1750.0,0.0,0.0,250.0,250.0,6948.69,4459.61,750.0,0.0,750.0,10658.3,0.0,0.0,0.0,0.0,0.0,0.0,0.0
C161086,Barnes For State Representative - Dist 28th,JEROME BARNES,D,State Representative - District 28 - Missouri House of Representatives,A,Barnes For State Representative - Dist 28th,October Quarterly Report,2020,Full Disclosure,11771.67,2060.18,0.0,0.0,2060.18,0.0,13831.85,2034.46,21.98,0.0,171.98,193.96,2228.42,0.0,0.0,0.0,0.0,0.0,0.0,0.0,0.0,0.0,0.0,16394.97,2060.18,21.98,0.0,21.98,18433.17,2360.0,0.0,171.98,0.0,0.0,0.0,2531.98
C151158,Friends Of Rory Rowland,RORY ROWLAND,D,State Representative - District 29 - Missouri House of Representatives,A,Friends Of Rory Rowland,October Quarterly Report,2020,Full Disclosure,139104.39,4356.41,0.0,0.0,4356.41,0.0,143460.8,27215.21,153.95,0.0,0.0,153.95,27369.16,2500.0,0.0,0.0,0.0,0.0,2500.0,0.0,0.0,0.0,0.0,14620.34,4356.41,153.95,0.0,153.95,18822.8,0.0,0.0,0.0,0.0,0.0,0.0,0.0
C201478E,Richard Mckie,Richard Mckie,,State Representative - District 29 - Missouri House of Representatives,A,Richard Mckie,October Quarterly Report,2020,Limited Activity,,,,,,,,,,,,,,,,,,,,,,,,,,,,,,,,,,,,
C180106,Danny Busick 4 Rural MO,Danny Busick,R,State Representative - District 3 - Missouri House of Representatives,A,Danny Busick 4 Rural MO,October Quarterly Report,2020,Full Disclosure,5050.0,250.0,0.0,0.0,250.0,0.0,5300.0,2918.78,402.8,0.0,0.0,402.8,3321.58,0.0,0.0,0.0,0.0,0.0,0.0,0.0,0.0,0.0,0.0,2510.69,250.0,402.8,0.0,402.8,2357.89,0.0,0.0,0.0,0.0,0.0,0.0,0.0
C201353,ArtSchaaf4MO30,Arthur Schaaf,D,State Representative - District 30 - Missouri House of Representatives,A,ArtSchaaf4MO30,October Quarterly Report,2020,Full Disclosure,5090.0,3732.21,0.0,0.0,3732.21,0.0,8822.21,1006.63,683.44,0.0,0.0,683.44,1690.07,0.0,0.0,0.0,0.0,0.0,0.0,0.0,0.0,0.0,0.0,3739.87,3732.21,533.44,150.0,683.44,6788.64,0.0,0.0,0.0,0.0,0.0,0.0,0.0
C161393,Patterson For Missouri,JONATHAN PATTERSON,R,State Representative - District 30 - Missouri House of Representatives,A,Patterson For Missouri,October Quarterly Report,2020,Full Disclosure,82150.33,21709.0,0.0,0.0,21794.56,85.56,103944.89,26309.0,1549.3,0.0,0.0,1549.3,27858.3,22000.0,0.0,0.0,0.0,0.0,22000.0,0.0,0.0,0.0,0.0,102168.89,21709.0,1549.3,0.0,1549.3,122328.59,0.0,0.0,0.0,0.0,0.0,0.0,0.0
C201165,Dolan for Missouri,Rhonda Dolan,D,State Representative - District 31 - Missouri House of Representatives,A,Dolan for Missouri,October Quarterly Report,2020,Full Disclosure,33622.67,26704.18,0.0,0.0,26704.18,0.0,60326.85,7739.26,6698.7,0.0,0.0,6698.7,14437.96,0.0,0.0,0.0,0.0,0.0,0.0,0.0,0.0,0.0,0.0,24795.17,26704.18,6698.7,0.0,6698.7,44800.65,5000.0,0.0,0.0,0.0,0.0,0.0,5000.0
C171245,Citizens For Jeff Coleman,Jeff Coleman,R,State Representative - District 32 - Missouri House of Representatives,A,Citizens For Jeff Coleman,October Quarterly Report,2020,Full Disclosure,60273.95,14283.0,0.0,0.0,14283.0,0.0,74556.95,48885.61,7314.73,0.0,0.0,7314.73,56200.34,0.0,0.0,0.0,0.0,0.0,0.0,0.0,0.0,0.0,0.0,9836.59,14283.0,7314.73,0.0,7314.73,16804.86,0.0,0.0,0.0,0.0,0.0,0.0,0.0
C201219,Sander for Missouri,Chris Sander,R,State Representative - District 33 - Missouri House of Representatives,A,Sander for Missouri,October Quarterly Report,2020,Full Disclosure,27239.73,308.33,0.0,0.0,308.33,0.0,27548.06,17452.41,1713.83,0.0,0.0,1713.83,19166.24,0.0,0.0,0.0,0.0,0.0,0.0,0.0,0.0,0.0,0.0,9265.92,308.33,1713.83,0.0,1713.83,7860.42,20000.0,0.0,0.0,0.0,0.0,0.0,20000.0
C201290,Chris Hager for Missouri,Chris Hager,D,State Representative - District 34 - Missouri House of Representatives,A,Chris Hager for Missouri,October Quarterly Report,2020,Full Disclosure,2116.0,10499.65,0.0,0.0,10499.65,0.0,12615.65,89.65,2282.18,0.0,0.0,2282.18,2371.83,0.0,0.0,0.0,0.0,0.0,0.0,0.0,0.0,0.0,0.0,1736.35,10499.65,2282.18,0.0,2282.18,9953.82,0.0,0.0,0.0,0.0,0.0,0.0,0.0
C190932,Committee to Elect Rick Roeber to the 34th,Rick Roeber,R,State Representative - District 34 - Missouri House of Representatives,A,Committee to Elect Rick Roeber to the 34th,October Quarterly Report,2020,Full Disclosure,30626.51,3207.0,0.0,0.0,3229.21,22.21,33855.72,4022.81,440.64,0.0,0.0,440.64,4463.45,0.0,0.0,0.0,0.0,0.0,0.0,0.0,0.0,0.0,0.0,16603.7,3207.0,440.64,0.0,440.64,19370.06,5000.0,0.0,0.0,0.0,0.0,0.0,5000.0
C171130,Committee To Elect Keri Ingle,Keri Ingle,D,State Representative - District 35 - Missouri House of Representatives,A,Committee To Elect Keri Ingle,October Quarterly Report,2020,Full Disclosure,68355.89,27245.33,0.0,0.0,27245.33,0.0,95601.22,28290.51,3134.26,0.0,0.0,3134.26,31424.77,400.0,500.0,0.0,0.0,500.0,900.0,0.0,0.0,0.0,0.0,45919.85,27245.33,3634.26,0.0,3634.26,69530.92,5000.0,0.0,0.0,0.0,0.0,0.0,5000.0
C190938,Sharp for House,Mark Sharp,D,State Representative - District 36 - Missouri House of Representatives,A,Sharp for House,October Quarterly Report,2020,Full Disclosure,2209.0,6606.41,0.0,0.0,6606.41,0.0,8815.41,2571.6,1217.98,0.0,0.0,1217.98,3789.58,0.0,0.0,0.0,0.0,0.0,0.0,0.0,0.0,0.0,0.0,751.19,6606.41,1217.98,0.0,1217.98,6139.62,0.0,0.0,0.0,0.0,0.0,0.0,0.0
C201317,Friends of Nola Wood,Nola Wood,R,State Representative - District 36 - Missouri House of Representatives,A,Friends of Nola Wood,October Quarterly Report,2020,Full Disclosure,0.0,250.0,0.0,0.0,250.0,0.0,250.0,0.0,505.11,0.0,0.0,505.11,505.11,0.0,0.0,0.0,0.0,0.0,0.0,0.0,0.0,0.0,0.0,1877.01,250.0,505.11,0.0,505.11,1621.9,0.0,0.0,0.0,0.0,0.0,0.0,0.0
C201115,Citizens for Annette Turnbaugh,Annette Turnbaugh,D,State Representative - District 37 - Missouri House of Representatives,A,Citizens for Annette Turnbaugh,October Quarterly Report,2020,Full Disclosure,13075.0,17794.67,0.0,0.0,17794.67,0.0,30869.67,2428.45,4311.93,0.0,1325.0,5636.93,8065.38,0.0,0.0,0.0,0.0,0.0,0.0,0.0,0.0,0.0,0.0,10646.55,17794.67,4311.93,0.0,4311.93,24129.29,0.0,0.0,1325.0,0.0,0.0,0.0,1325.0
C191018,Boyd For Missouri,John Boyd,R,State Representative - District 37 - Missouri House of Representatives,A,Boyd For Missouri,October Quarterly Report,2020,Full Disclosure,6601.15,228.33,0.0,0.0,597.57,369.24,7198.72,3448.77,183.09,0.0,0.0,183.09,3631.86,0.0,0.0,0.0,0.0,0.0,0.0,0.0,0.0,0.0,0.0,1449.23,228.33,183.09,0.0,183.09,1494.47,2700.0,0.0,0.0,0.0,0.0,0.0,2700.0
C171068,Citizens To Elect Doug Richey,Doug Richey,R,State Representative - District 38 - Missouri House of Representatives,A,Citizens To Elect Doug Richey,October Quarterly Report,2020,Full Disclosure,30959.24,4400.0,0.0,0.0,4400.0,0.0,35359.24,2632.32,1312.15,0.0,0.0,1312.15,3944.47,18001.0,0.0,0.0,0.0,0.0,18001.0,0.0,0.0,0.0,0.0,11355.04,4400.0,1312.15,0.0,1312.15,14442.89,0.0,0.0,0.0,0.0,0.0,0.0,0.0
C171345,Friends Of Peggy McGaugh,Peggy McGaugh,R,State Representative - District 39 - Missouri House of Representatives,A,Friends Of Peggy McGaugh,October Quarterly Report,2020,Full Disclosure,4100.0,2300.0,0.0,0.0,2300.0,0.0,6400.0,1017.67,219.99,0.0,0.0,219.99,1237.66,0.0,0.0,0.0,0.0,0.0,0.0,0.0,0.0,0.0,0.0,14610.62,2300.0,219.99,0.0,219.99,16690.63,0.0,0.0,0.0,0.0,0.0,0.0,0.0
C171336,Sharpe For Rep,Gregory Sharpe,R,State Representative - District 4 - Missouri House of Representatives,A,Sharpe For Rep,October Quarterly Report,2020,Full Disclosure,26725.0,1350.0,0.0,0.0,1350.0,0.0,28075.0,13562.4,0.0,0.0,0.0,0.0,13562.4,4190.0,0.0,0.0,0.0,0.0,4190.0,0.0,0.0,0.0,0.0,15570.41,1350.0,0.0,0.0,0.0,16920.41,35000.0,0.0,0.0,0.0,0.0,0.0,35000.0
C141098,Pietzman For The People,Randy Pietzman,R,State Representative - District 41 - Missouri House of Representatives,A,Pietzman For The People,October Quarterly Report,2020,Full Disclosure,81441.89,0.0,0.0,0.0,0.0,0.0,81441.89,53105.17,1750.0,0.0,0.0,1750.0,54855.17,25360.0,0.0,0.0,0.0,0.0,25360.0,0.0,0.0,0.0,0.0,8466.16,0.0,1750.0,0.0,1750.0,6716.16,0.0,0.0,0.0,0.0,0.0,0.0,0.0
C180155,Patrons Of Jeff Porter,Jeff Porter,R,State Representative - District 42 - Missouri House of Representatives,A,Patrons Of Jeff Porter,October Quarterly Report,2020,Full Disclosure,99945.39,7946.0,0.0,0.0,7946.0,0.0,107891.39,72346.02,328.93,0.0,0.0,328.93,72674.95,5100.0,8500.0,0.0,0.0,8500.0,13600.0,0.0,0.0,0.0,0.0,14758.68,7946.0,8828.93,0.0,8828.93,13875.75,0.0,0.0,0.0,0.0,0.0,0.0,0.0
C180094,Haden For State Representative,Kent Haden,R,State Representative - District 43 - Missouri House of Representatives,A,Haden For State Representative,October Quarterly Report,2020,Full Disclosure,37335.0,3400.0,0.0,0.0,3400.0,0.0,40735.0,15941.93,5608.76,0.0,0.0,5608.76,21550.69,0.0,0.0,0.0,0.0,0.0,0.0,0.0,0.0,0.0,0.0,23126.7,3400.0,5608.76,0.0,5608.76,20917.94,0.0,0.0,0.0,0.0,0.0,0.0,0.0
C151209,Citizens For Cheri Toalson Reisch,CHERI REISCH,R,State Representative - District 44 - Missouri House of Representatives,A,Citizens For Cheri Toalson Reisch,October Quarterly Report,2020,Full Disclosure,50619.0,13305.0,0.0,0.0,13586.72,281.72,64205.72,41224.03,3704.67,0.0,0.0,3704.67,44928.7,2580.0,0.0,0.0,0.0,0.0,2580.0,0.0,0.0,0.0,0.0,11049.24,13305.0,3704.67,0.0,3704.67,20649.57,0.0,0.0,0.0,0.0,0.0,0.0,0.0
C190903,Jacque Sample for Missouri,Jacque Sample,D,State Representative - District 44 - Missouri House of Representatives,A,Jacque Sample for Missouri,October Quarterly Report,2020,Full Disclosure,18253.45,5144.47,0.0,0.0,5144.47,0.0,23397.92,10916.94,3224.57,0.0,0.0,3224.57,14141.51,50.0,0.0,0.0,0.0,0.0,50.0,0.0,0.0,0.0,0.0,6592.94,5144.47,3224.57,0.0,3224.57,8512.84,0.0,0.0,0.0,0.0,0.0,0.0,0.0
C131169,Friends Of Kip Kendrick,KIP KENDRICK,D,State Representative - District 45 - Missouri House of Representatives,A,Friends Of Kip Kendrick,October Quarterly Report,2020,Full Disclosure,29203.02,14206.18,0.0,0.0,14206.18,0.0,43409.2,11489.75,1801.98,0.0,0.0,1801.98,13291.73,1514.39,0.0,0.0,0.0,0.0,1514.39,0.0,0.0,0.0,0.0,79402.99,14206.18,1801.98,0.0,1801.98,91807.19,0.0,0.0,0.0,0.0,0.0,0.0,0.0
C151060,Friends Of Martha Stevens,MARTHA STEVENS,D,State Representative - District 46 - Missouri House of Representatives,A,Friends Of Martha Stevens,October Quarterly Report,2020,Full Disclosure,11853.25,2760.18,0.0,0.0,2760.18,0.0,14613.43,3472.91,3693.93,0.0,0.0,3693.93,7166.84,3110.0,2000.0,0.0,0.0,2000.0,5110.0,0.0,0.0,0.0,0.0,30031.88,2760.18,5693.93,0.0,5693.93,27098.13,0.0,0.0,0.0,0.0,0.0,0.0,0.0
C141090,Friends For Chuck Basye,Charles Basye,R,State Representative - District 47 - Missouri House of Representatives,A,Friends For Chuck Basye,October Quarterly Report,2020,Full Disclosure,231696.29,7641.8,0.0,0.0,7641.8,0.0,239338.09,218372.29,801.17,0.0,0.0,801.17,219173.46,7919.13,0.0,0.0,0.0,0.0,7919.13,0.0,0.0,0.0,0.0,36074.23,7641.8,801.17,0.0,801.17,42914.86,9.0,0.0,0.0,0.0,0.0,0.0,9.0
C201108,Citizens for Tim Taylor,Tim Taylor,R,State Representative - District 48 - Missouri House of Representatives,A,Citizens for Tim Taylor,October Quarterly Report,2020,Full Disclosure,15715.83,9787.0,0.0,0.0,10298.4,511.4,26014.23,12985.66,2653.33,0.0,0.0,2653.33,15638.99,25.0,0.0,0.0,0.0,0.0,25.0,0.0,0.0,0.0,0.0,2414.34,9787.0,2503.83,149.5,2653.33,9548.01,4500.0,0.0,0.0,0.0,0.0,0.0,4500.0
C201326,Betteridge for House,William Betteridge,D,State Representative - District 48 - Missouri House of Representatives,A,Betteridge for House,October Quarterly Report,2020,Full Disclosure,11475.24,5143.41,0.0,142.0,7040.41,1755.0,18515.65,6698.36,1684.04,0.0,0.0,1684.04,8382.4,0.0,0.0,0.0,0.0,0.0,0.0,0.0,0.0,0.0,0.0,3110.24,5285.41,1684.04,0.0,1684.04,6711.61,0.0,0.0,0.0,0.0,0.0,0.0,0.0
C121012,Friends For Travis Fitzwater,Travis Fitzwater,R,State Representative - District 49 - Missouri House of Representatives,A,Friends For Travis Fitzwater,October Quarterly Report,2020,Full Disclosure,41624.24,7424.0,0.0,0.0,7542.33,118.33,49166.57,17239.12,810.89,0.0,0.0,810.89,18050.01,6006.0,400.0,0.0,0.0,400.0,6406.0,0.0,0.0,0.0,0.0,27605.71,7424.0,1210.89,0.0,1210.89,33818.82,0.0,0.0,0.0,0.0,0.0,0.0,0.0
C171166,Riggs For Missouri,Louis Riggs,R,State Representative - District 5 - Missouri House of Representatives,A,Riggs For Missouri,October Quarterly Report,2020,Full Disclosure,0.0,4650.0,0.0,0.0,4650.0,0.0,4650.0,0.0,187.55,0.0,0.0,187.55,187.55,0.0,0.0,0.0,0.0,0.0,0.0,0.0,0.0,0.0,0.0,5125.19,4650.0,187.55,0.0,187.55,9587.64,0.0,0.0,0.0,0.0,0.0,0.0,0.0
C190885,Friends of Kari L Chesney,Kari Chesney,D,State Representative - District 50 - Missouri House of Representatives,A,Friends of Kari L Chesney,October Quarterly Report,2020,Full Disclosure,16678.22,5666.51,0.0,0.1,9884.89,4218.28,26563.11,5335.33,2860.63,0.0,0.0,2860.63,8195.96,0.0,0.0,0.0,0.0,0.0,0.0,0.0,0.0,0.0,0.0,9478.67,5666.61,2860.63,0.0,2860.63,12284.65,0.0,0.0,0.0,0.0,0.0,0.0,0.0
C161082,Friends Of Sara Walsh,Sara Walsh,R,State Representative - District 50 - Missouri House of Representatives,A,Friends Of Sara Walsh,October Quarterly Report,2020,Full Disclosure,49151.52,15340.0,0.0,0.0,16305.0,965.0,65456.52,22665.45,2859.89,0.0,0.0,2859.89,25525.34,0.0,0.0,0.0,0.0,0.0,0.0,0.0,0.0,0.0,0.0,30415.44,15340.0,2859.89,0.0,2859.89,42895.55,1000.0,0.0,0.0,0.0,0.0,0.0,1000.0
C201454,Vote 4 Bill Wayne 2020,William Wayne,L,State Representative - District 51 - Missouri House of Representatives,T,Vote 4 Bill Wayne 2020,October Quarterly Report,2020,Full Disclosure,0.0,1206.13,0.0,0.0,1435.13,229.0,1435.13,0.0,0.0,0.0,356.13,356.13,356.13,0.0,0.0,0.0,0.0,0.0,0.0,0.0,356.13,0.0,356.13,0.0,1206.13,356.13,0.0,356.13,850.0,0.0,0.0,356.13,0.0,0.0,0.0,0.0
C180227,Pollitt For House Of Representatives,Bradley Pollitt,R,State Representative - District 52 - Missouri House of Representatives,A,Pollitt For House Of Representatives,October Quarterly Report,2020,Full Disclosure,53499.8,4225.0,0.0,0.0,4225.0,0.0,57724.8,23223.73,732.62,0.0,0.0,732.62,23956.35,12550.0,0.0,0.0,0.0,0.0,12550.0,0.0,0.0,0.0,0.0,17465.97,4225.0,732.62,0.0,732.62,20958.35,0.0,0.0,0.0,0.0,0.0,0.0,0.0
C201423,Aaron C. Mais Campaign Fund,Aaron Mais,I,State Representative - District 53 - Missouri House of Representatives,A,Aaron C. Mais Campaign Fund,October Quarterly Report,2020,Full Disclosure,0.0,6525.0,0.0,0.0,6525.0,0.0,6525.0,0.0,2080.67,0.0,0.0,2080.67,2080.67,0.0,0.0,0.0,0.0,0.0,0.0,0.0,0.0,0.0,0.0,0.0,6525.0,2080.67,0.0,2080.67,4444.33,0.0,0.0,0.0,0.0,0.0,0.0,0.0
C201263E,Cameron Pack,Cameron Pack,L,State Representative - District 53 - Missouri House of Representatives,A,Cameron Pack,October Quarterly Report,2020,Limited Activity,,,,,,,,,,,,,,,,,,,,,,,,,,,,,,,,,,,,
C151068,Committee To Elect Houx,Dan Houx,R,State Representative - District 54 - Missouri House of Representatives,A,Committee To Elect Houx,October Quarterly Report,2020,Full Disclosure,170250.27,40175.0,0.0,0.0,40175.0,0.0,210425.27,96625.42,6173.58,0.0,0.0,6173.58,102799.0,59502.0,8620.0,0.0,0.0,8620.0,68122.0,0.0,0.0,0.0,0.0,14781.8,40175.0,14793.58,0.0,14793.58,40163.22,0.0,0.0,0.0,0.0,0.0,0.0,0.0
C190960,James Williams for MO House 54,James Williams,D,State Representative - District 54 - Missouri House of Representatives,A,James Williams for MO House 54,October Quarterly Report,2020,Full Disclosure,0.0,3084.65,0.0,0.0,3084.65,0.0,3084.65,0.0,1372.3,0.0,0.0,1372.3,1372.3,0.0,0.0,0.0,0.0,0.0,0.0,0.0,0.0,0.0,0.0,0.0,3084.65,1372.3,0.0,1372.3,1712.35,0.0,0.0,0.0,0.0,0.0,0.0,0.0
C180239,Haffner For Missouri,Mike Haffner,R,State Representative - District 55 - Missouri House of Representatives,A,Haffner For Missouri,October Quarterly Report,2020,Full Disclosure,0.0,2600.0,0.0,0.0,2600.0,0.0,2600.0,0.0,253.54,0.0,0.0,253.54,253.54,0.0,0.0,0.0,0.0,0.0,0.0,0.0,0.0,0.0,0.0,42318.67,2600.0,253.54,0.0,253.54,44665.13,0.0,0.0,0.0,0.0,0.0,0.0,0.0
C191031,Friends of Michael Davis,Michael Davis,R,State Representative - District 56 - Missouri House of Representatives,A,Friends of Michael Davis,October Quarterly Report,2020,Full Disclosure,32540.17,283.33,0.0,0.0,355.54,72.21,32895.71,27291.09,514.46,0.0,0.0,514.46,27805.55,0.0,0.0,0.0,0.0,0.0,0.0,0.0,0.0,0.0,0.0,5228.92,283.33,514.46,0.0,514.46,4997.79,25100.0,0.0,0.0,0.0,0.0,0.0,25100.0
C171277,Friends Of Rodger L Reedy,Rodger Reedy,R,State Representative - District 57 - Missouri House of Representatives,A,Friends Of Rodger L Reedy,October Quarterly Report,2020,Full Disclosure,12425.0,6300.0,0.0,0.0,6300.0,0.0,18725.0,9609.44,683.52,0.0,0.0,683.52,10292.96,2250.0,0.0,0.0,0.0,0.0,2250.0,0.0,0.0,0.0,0.0,3688.53,6300.0,683.52,0.0,683.52,9305.01,0.0,0.0,0.0,0.0,0.0,0.0,0.0
C191074,Friends of Willard Haley,Willard Haley,R,State Representative - District 58 - Missouri House of Representatives,A,Friends of Willard Haley,October Quarterly Report,2020,Full Disclosure,25570.75,1600.0,0.0,0.0,1622.21,22.21,27192.96,10987.19,36.39,0.0,0.0,36.39,11023.58,150.0,0.0,0.0,0.0,0.0,150.0,0.0,0.0,0.0,0.0,13857.81,1600.0,36.39,0.0,36.39,15421.42,12000.0,0.0,0.0,0.0,0.0,0.0,12000.0
C171121,Rudy Veit For State Representative,Rudy Veit,R,State Representative - District 59 - Missouri House of Representatives,A,Rudy Veit For State Representative,October Quarterly Report,2020,Full Disclosure,21452.89,3100.0,0.0,0.0,3100.0,0.0,24552.89,14833.86,130.0,0.0,0.0,130.0,14963.86,500.0,0.0,0.0,0.0,0.0,500.0,0.0,0.0,0.0,0.0,18659.01,3100.0,130.0,0.0,130.0,21629.01,0.0,0.0,0.0,0.0,0.0,0.0,0.0
C190905,Friends for Ed Lewis,Edwin Lewis,R,State Representative - District 6 - Missouri House of Representatives,A,Friends for Ed Lewis,October Quarterly Report,2020,Full Disclosure,11463.57,1893.9,0.0,0.0,1893.9,0.0,13357.47,6604.72,19.72,0.0,0.0,19.72,6624.44,0.0,0.0,0.0,0.0,0.0,0.0,0.0,0.0,0.0,0.0,4699.33,1893.9,19.72,0.0,19.72,6573.51,0.0,0.0,0.0,0.0,0.0,0.0,0.0
C190940,Fiala for Missouri,Terrence Fiala,D,State Representative - District 6 - Missouri House of Representatives,A,Fiala for Missouri,October Quarterly Report,2020,Full Disclosure,5547.43,26.0,0.0,0.0,26.0,0.0,5573.43,5070.45,0.0,0.0,0.0,0.0,5070.45,0.0,0.0,0.0,0.0,0.0,0.0,0.0,0.0,0.0,0.0,186.98,26.0,0.0,0.0,0.0,212.98,2700.0,0.0,0.0,0.0,0.0,0.0,2700.0
C171327,Dave Griffith For State Representative,Dave Griffith,R,State Representative - District 60 - Missouri House of Representatives,A,Dave Griffith For State Representative,October Quarterly Report,2020,Full Disclosure,118507.5,12100.0,0.0,0.0,12100.0,0.0,130607.5,104742.83,1213.01,0.0,0.0,1213.01,105955.84,1600.0,0.0,0.0,0.0,0.0,1600.0,0.0,0.0,0.0,0.0,12010.65,12100.0,1213.01,0.0,1213.01,22897.64,0.0,0.0,0.0,0.0,0.0,0.0,0.0
C201222,Joshua Dunne for Missouri,Joshua Dunne,D,State Representative - District 60 - Missouri House of Representatives,A,Joshua Dunne for Missouri,October Quarterly Report,2020,Full Disclosure,4804.68,1670.0,0.0,0.0,1670.0,0.0,6474.68,4160.72,1500.0,0.0,0.0,1500.0,5660.72,0.0,0.0,0.0,0.0,0.0,0.0,0.0,0.0,0.0,0.0,393.56,1670.0,1500.0,0.0,1500.0,563.56,0.0,0.0,0.0,0.0,0.0,0.0,0.0
C180467,Citizens For Griesheimer,Aaron Griesheimer,R,State Representative - District 61 - Missouri House of Representatives,A,Citizens For Griesheimer,October Quarterly Report,2020,Full Disclosure,0.0,9450.0,0.0,0.0,9450.0,0.0,9450.0,0.0,755.0,0.0,0.0,755.0,755.0,0.0,0.0,0.0,0.0,0.0,0.0,0.0,0.0,0.0,0.0,28024.21,9450.0,755.0,0.0,755.0,36719.21,0.0,0.0,0.0,0.0,0.0,0.0,0.0
C201145,Bruce Sassmann Election Committee,Bruce Sassmann,R,State Representative - District 62 - Missouri House of Representatives,A,Bruce Sassmann Election Committee,October Quarterly Report,2020,Full Disclosure,37600.0,5325.0,0.0,0.53,5347.74,22.21,42947.74,33695.29,4408.56,0.0,0.0,4408.56,38103.85,0.0,0.0,0.0,0.0,0.0,0.0,0.0,0.0,0.0,0.0,3904.71,5325.53,4408.56,0.0,4408.56,4821.68,25000.0,0.0,0.0,0.0,0.0,0.0,25000.0
C201416,Ragan for State Representative #62,Nancy Ragan,D,State Representative - District 62 - Missouri House of Representatives,A,Ragan for State Representative #62,October Quarterly Report,2020,Full Disclosure,1983.24,2306.41,0.0,0.0,2431.64,125.23,4414.88,5541.13,1009.16,0.0,0.0,1009.16,6550.29,0.0,0.0,0.0,0.0,0.0,0.0,0.0,0.0,0.0,0.0,82.11,2306.41,1009.16,0.0,1009.16,1379.36,2300.0,0.0,0.0,0.0,0.0,0.0,2300.0
C180744,Go West For Missouri,Richard West,R,State Representative - District 63 - Missouri House of Representatives,A,Go West For Missouri,October Quarterly Report,2020,Full Disclosure,21030.76,1050.0,0.0,0.0,1050.0,0.0,22080.76,26301.93,0.0,0.0,0.0,0.0,26301.93,725.0,0.0,0.0,0.0,0.0,725.0,0.0,0.0,0.0,0.0,4609.07,1050.0,0.0,0.0,0.0,5659.07,11536.0,0.0,0.0,0.0,0.0,0.0,11536.0
C191086,Aaliyah Bailey for Missouri,Aaliyah Bailey,D,State Representative - District 64 - Missouri House of Representatives,A,Aaliyah Bailey for Missouri,October Quarterly Report,2020,Full Disclosure,16984.01,552.5,0.0,0.0,552.5,0.0,17536.51,9662.88,879.7,0.0,0.0,879.7,10542.58,0.0,0.0,0.0,0.0,0.0,0.0,0.0,0.0,0.0,0.0,7193.14,552.5,879.7,0.0,879.7,6865.94,0.0,0.0,0.0,0.0,0.0,0.0,0.0
C180596,Citizens For Lovasco,Tony Lovasco,R,State Representative - District 64 - Missouri House of Representatives,A,Citizens For Lovasco,October Quarterly Report,2020,Full Disclosure,13436.75,1450.0,0.0,0.0,1450.0,0.0,14886.75,2833.46,12.3,0.0,0.0,12.3,2845.76,0.0,0.0,0.0,0.0,0.0,0.0,0.0,0.0,0.0,0.0,18394.16,1450.0,12.3,0.0,12.3,19831.86,0.0,0.0,0.0,0.0,0.0,0.0,0.0
C201111,Committee to Elect Bill Otto,Bill Otto,D,State Representative - District 65 - Missouri House of Representatives,A,Committee to Elect Bill Otto,October Quarterly Report,2020,Full Disclosure,39340.43,26071.18,0.0,0.0,26394.74,323.56,65735.17,6808.28,3943.53,0.0,3962.11,7905.64,14713.92,0.0,0.0,150.0,0.0,0.0,0.0,0.0,2923.18,0.0,2923.18,35025.33,26071.18,6866.71,0.0,6866.71,54229.8,2923.18,0.0,3962.11,150.0,0.0,0.0,4112.11
C151076,Hannegan For State Representative,Tom Hannegan,R,State Representative - District 65 - Missouri House of Representatives,A,Hannegan For State Representative,October Quarterly Report,2020,Full Disclosure,0.0,2750.0,0.0,0.0,2750.0,0.0,2750.0,0.0,15837.34,0.0,0.0,15837.34,15837.34,0.0,0.0,0.0,0.0,0.0,0.0,0.0,0.0,0.0,0.0,16513.04,2750.0,15837.34,0.0,15837.34,3425.7,7397.19,0.0,0.0,0.0,0.0,0.0,7397.19
C201240,Committee to Elect Marlene Terry,Marlene Terry,D,State Representative - District 66 - Missouri House of Representatives,A,Committee to Elect Marlene Terry,October Quarterly Report,2020,Full Disclosure,3813.24,806.41,0.0,0.0,806.41,0.0,4619.65,2437.84,0.0,0.0,0.0,0.0,2437.84,0.0,0.0,0.0,0.0,0.0,0.0,0.0,0.0,3.0,3.0,1375.34,806.41,0.0,3.0,3.0,2178.75,0.0,0.0,0.0,0.0,0.0,0.0,0.0
C201109,Citizens to Elect Neil Smith,Neil Smith,D,State Representative - District 67 - Missouri House of Representatives,A,Citizens to Elect Neil Smith,October Quarterly Report,2020,Full Disclosure,2132.24,1806.41,0.0,0.0,1806.41,0.0,3938.65,2081.73,875.0,0.0,0.0,875.0,2956.73,0.0,0.0,0.0,0.0,0.0,0.0,0.0,0.0,0.0,0.0,746.51,1806.41,875.0,0.0,875.0,1677.92,0.0,0.0,0.0,0.0,0.0,0.0,0.0
C161093,Citizens For Gretchen Bangert,Gretchen Bangert,D,State Representative - District 69 - Missouri House of Representatives,A,Citizens For Gretchen Bangert,October Quarterly Report,2020,Full Disclosure,0.0,5510.18,0.0,0.0,5510.18,0.0,5510.18,0.0,1935.03,0.0,0.0,1935.03,1935.03,0.0,1000.0,0.0,0.0,1000.0,1000.0,0.0,0.0,0.0,0.0,15630.9,5510.18,2935.03,0.0,2935.03,18206.05,2076.01,0.0,0.0,0.0,0.0,0.0,2076.01
C151129,FRIENDS OF RUSTY BLACK,RUSTY BLACK,R,State Representative - District 7 - Missouri House of Representatives,A,FRIENDS OF RUSTY BLACK,October Quarterly Report,2020,Full Disclosure,0.0,4050.0,0.0,0.0,4050.0,0.0,4050.0,0.0,342.0,0.0,0.0,342.0,342.0,0.0,6200.0,0.0,0.0,6200.0,6200.0,0.0,0.0,0.0,0.0,6936.14,4050.0,6542.0,0.0,6542.0,4444.14,0.0,0.0,0.0,0.0,0.0,0.0,0.0
C201261,Friends of Jerry Adzima,Jerry Adzima,R,State Representative - District 70 - Missouri House of Representatives,A,Friends of Jerry Adzima,October Quarterly Report,2020,Full Disclosure,0.0,3895.0,0.0,0.0,3895.0,0.0,3895.0,0.0,0.0,0.0,0.0,0.0,0.0,0.0,0.0,0.0,0.0,0.0,0.0,0.0,0.0,0.0,0.0,3125.0,3895.0,0.0,0.0,0.0,7020.0,0.0,0.0,0.0,0.0,0.0,0.0,0.0
C180302,Committee To Elect Paula Brown,Paula Brown,D,State Representative - District 70 - Missouri House of Representatives,A,Committee To Elect Paula Brown,October Quarterly Report,2020,Full Disclosure,7317.43,40979.18,0.0,0.0,40979.18,0.0,48296.61,4008.98,15261.91,0.0,0.0,15261.91,19270.89,0.0,450.0,0.0,0.0,450.0,450.0,0.0,0.0,0.0,0.0,34290.06,40979.18,15711.91,0.0,15711.91,59557.33,0.0,0.0,0.0,0.0,0.0,0.0,0.0
C180004,LaDonna Appelbaum For Missouri,LaDonna Appelbaum,D,State Representative - District 71 - Missouri House of Representatives,A,LaDonna Appelbaum For Missouri,October Quarterly Report,2020,Full Disclosure,36078.79,3770.18,0.0,0.0,3770.18,0.0,39848.97,24193.52,461.59,0.0,0.0,461.59,24655.11,700.0,0.0,0.0,0.0,0.0,700.0,0.0,0.0,0.0,0.0,34619.47,3770.18,461.59,0.0,461.59,37928.06,4761.43,0.0,0.0,0.0,0.0,0.0,4761.43
C171246,Committee To Elect Doug Clemens,Doug Clemens,D,State Representative - District 72 - Missouri House of Representatives,A,Committee To Elect Doug Clemens,October Quarterly Report,2020,Full Disclosure,32649.72,5263.85,0.0,0.0,5263.85,0.0,37913.57,9771.67,433.17,0.0,0.0,433.17,10204.84,500.0,0.0,0.0,0.0,0.0,500.0,0.0,0.0,0.0,0.0,29685.34,5263.85,433.17,0.0,433.17,34516.02,0.0,0.0,0.0,0.0,0.0,0.0,0.0
C190944,Citizens to Elect Mike Person,Michael Person,D,State Representative - District 74 - Missouri House of Representatives,A,Citizens to Elect Mike Person,October Quarterly Report,2020,Full Disclosure,8107.12,3559.61,0.0,0.0,3559.61,0.0,11666.73,5390.82,2205.85,65.24,0.0,2271.09,7661.91,0.0,0.0,0.0,0.0,0.0,0.0,0.0,0.0,0.0,0.0,3381.1,3559.61,2205.85,0.0,2205.85,4734.86,20.0,0.0,0.0,0.0,0.0,0.0,20.0
C151110,Citizens To Elect Alan Gray,ALAN GRAY,D,State Representative - District 75 - Missouri House of Representatives,A,Citizens To Elect Alan Gray,October Quarterly Report,2020,Full Disclosure,9296.39,1210.18,0.0,0.0,1210.18,0.0,10506.57,9972.81,33.0,0.0,0.0,33.0,10005.81,0.0,0.0,0.0,0.0,0.0,0.0,0.0,0.0,0.0,0.0,6286.08,1210.18,33.0,0.0,33.0,7463.26,0.0,0.0,0.0,0.0,0.0,0.0,0.0
C191001,Committee to Elect Marlon Anderson,Marlon Anderson,D,State Representative - District 76 - Missouri House of Representatives,A,Committee to Elect Marlon Anderson,October Quarterly Report,2020,Full Disclosure,20855.22,733.24,0.0,0.0,733.24,0.0,21588.46,11806.12,1356.12,0.0,0.0,1356.12,13162.24,2520.0,0.0,0.0,0.0,0.0,2520.0,0.0,0.0,0.0,0.0,5206.25,733.24,1356.12,0.0,1356.12,4583.37,0.0,0.0,0.0,0.0,0.0,0.0,0.0
C180678,Families For Kimberly-Ann Collins,Kimberly Collins,D,State Representative - District 77 - Missouri House of Representatives,A,Families For Kimberly-Ann Collins,October Quarterly Report,2020,Full Disclosure,24026.79,987.18,0.0,0.0,987.18,0.0,25013.97,9591.69,209.67,0.0,0.0,209.67,9801.36,0.0,0.0,0.0,0.0,0.0,0.0,0.0,0.0,0.0,0.0,14160.1,987.18,209.67,0.0,209.67,14937.61,0.0,0.0,0.0,0.0,0.0,0.0,0.0
C190948,Citizens for Rasheen Aldridge,Rasheen Aldridge,D,State Representative - District 78 - Missouri House of Representatives,A,Citizens for Rasheen Aldridge,October Quarterly Report,2020,Full Disclosure,19381.11,448.77,0.0,0.0,448.77,0.0,19829.88,5130.62,0.8,0.0,0.0,0.8,5131.42,0.0,0.0,0.0,0.0,0.0,0.0,0.0,0.0,0.0,0.0,13116.3,448.77,0.8,0.0,0.8,13564.27,0.0,0.0,0.0,0.0,0.0,0.0,0.0
C201404E,Timothy Gartin,Timothy Gartin,R,State Representative - District 78 - Missouri House of Representatives,A,Timothy Gartin,October Quarterly Report,2020,Limited Activity,,,,,,,,,,,,,,,,,,,,,,,,,,,,,,,,,,,,
C180057,Citizens For Lakeysha Bosley,Lakeysha Bosley,D,State Representative - District 79 - Missouri House of Representatives,A,Citizens For Lakeysha Bosley,October Quarterly Report,2020,Full Disclosure,16190.0,3050.0,0.0,0.0,3050.0,0.0,19240.0,10651.49,758.76,0.0,0.0,758.76,11410.25,0.0,0.0,0.0,0.0,0.0,0.0,0.0,1000.0,0.0,1000.0,3995.11,3050.0,1758.76,0.0,1758.76,5286.35,4000.0,0.0,0.0,0.0,0.0,0.0,3000.0
C191053,Railsback for Missouri,Randall Railsback,R,State Representative - District 8 - Missouri House of Representatives,A,Railsback for Missouri,October Quarterly Report,2020,Full Disclosure,1547.7,1600.0,0.0,0.0,1622.21,22.21,3169.91,1585.01,152.39,0.0,0.0,152.39,1737.4,0.0,0.0,0.0,0.0,0.0,0.0,0.0,0.0,0.0,0.0,1961.96,1600.0,152.39,0.0,152.39,3409.57,0.0,0.0,0.0,0.0,0.0,0.0,0.0
C151123,Peter Merideth For Mo Progress,Peter Merideth,D,State Representative - District 80 - Missouri House of Representatives,A,Peter Merideth For Mo Progress,October Quarterly Report,2020,Full Disclosure,25163.92,5935.18,0.0,0.0,5935.18,0.0,31099.1,8802.73,936.78,0.0,0.0,936.78,9739.51,9000.0,0.0,0.0,0.0,0.0,9000.0,0.0,0.0,0.0,0.0,21882.32,5935.18,936.78,0.0,936.78,26880.72,0.0,0.0,0.0,0.0,0.0,0.0,0.0
C171401,The Committee To Elect Steve Butz,Steve Butz,D,State Representative - District 81 - Missouri House of Representatives,A,The Committee To Elect Steve Butz,October Quarterly Report,2020,Full Disclosure,30549.84,10543.44,0.0,0.0,10543.44,0.0,41093.28,6.0,1263.0,0.0,0.0,1263.0,1269.0,0.0,0.0,0.0,0.0,0.0,0.0,0.0,0.0,0.0,0.0,30546.84,10543.44,1263.0,0.0,1263.0,39827.28,32500.0,0.0,0.0,0.0,0.0,0.0,32500.0
C011182,Citizens For Donna Baringer,Donna Baringer,D,State Representative - District 82 - Missouri House of Representatives,A,Citizens For Donna Baringer,October Quarterly Report,2020,Full Disclosure,3233.24,6406.41,0.0,0.0,6406.41,0.0,9639.65,0.0,632.1,0.0,0.0,632.1,632.1,0.0,300.0,0.0,0.0,300.0,300.0,0.0,0.0,0.0,0.0,49270.89,6406.41,932.1,0.0,932.1,54745.2,0.0,0.0,0.0,0.0,0.0,0.0,0.0
C201413,Crump 2020,Robert Crump,R,State Representative - District 82 - Missouri House of Representatives,A,Crump 2020,October Quarterly Report,2020,Full Disclosure,2100.0,0.0,500.0,0.0,500.0,0.0,2600.0,0.0,1857.24,0.0,0.0,1857.24,1857.24,0.0,0.0,0.0,0.0,0.0,0.0,0.0,0.0,3.67,3.67,2096.09,500.0,1860.91,0.0,1860.91,735.18,1000.0,500.0,0.0,0.0,0.0,0.0,1500.0
C201351E,Andrew Bolin,Andrew Bolin,L,State Representative - District 83 - Missouri House of Representatives,A,Andrew Bolin ,October Quarterly Report,2020,Limited Activity,,,,,,,,,,,,,,,,,,,,,,,,,,,,,,,,,,,,
C180078,Committee to Elect Wiley Price IV,Wiley Price,D,State Representative - District 84 - Missouri House of Representatives,A,Committee to Elect Wiley Price IV,October Quarterly Report,2020,Full Disclosure,14400.0,500.0,0.0,0.0,500.0,0.0,14900.0,12283.14,785.89,0.0,0.0,785.89,13069.03,0.0,0.0,0.0,0.0,0.0,0.0,0.0,0.0,0.0,0.0,6108.68,500.0,785.89,0.0,785.89,5822.79,0.0,0.0,0.0,0.0,0.0,0.0,0.0
C180024,Friends For Windham,Kevin Windham,D,State Representative - District 85 - Missouri House of Representatives,A,Friends For Windham,October Quarterly Report,2020,Full Disclosure,48615.16,760.18,0.0,0.0,760.18,0.0,49375.34,39379.67,679.99,0.0,0.0,679.99,40059.66,560.0,150.0,0.0,0.0,150.0,710.0,0.0,0.0,0.0,0.0,7531.01,760.18,829.99,0.0,829.99,7461.2,0.0,0.0,0.0,0.0,0.0,0.0,0.0
C141146,Joe Adams For Missouri,Joe Adams,D,State Representative - District 86 - Missouri House of Representatives,A,Joe Adams For Missouri,October Quarterly Report,2020,Full Disclosure,8659.55,2606.41,0.0,0.0,2606.41,0.0,11265.96,2722.02,0.0,0.0,0.0,0.0,2722.02,700.0,150.0,0.0,0.0,150.0,850.0,0.0,0.0,0.0,0.0,7835.0,2606.41,150.0,0.0,150.0,10291.41,0.0,0.0,0.0,0.0,0.0,0.0,0.0
C171069,Committee to Elect Ian Mackey,Ian Mackey,D,State Representative - District 87 - Missouri House of Representatives,A,Committee to Elect Ian Mackey,October Quarterly Report,2020,Full Disclosure,34272.72,5490.0,0.0,5.25,5495.25,0.0,39767.97,18725.7,3526.11,0.0,0.0,3526.11,22251.81,3300.0,1000.0,0.0,0.0,1000.0,4300.0,0.0,0.0,0.0,0.0,25792.9,5495.25,4526.11,0.0,4526.11,26762.04,0.0,0.0,0.0,0.0,0.0,0.0,0.0
C201369E,Stephen R. Johnson,Stephen Johnson,L,State Representative - District 88 - Missouri House of Representatives,A,Stephen R. Johnson,October Quarterly Report,2020,Limited Activity,,,,,,,,,,,,,,,,,,,,,,,,,,,,,,,,,,,,
C121452,MCCREERY FOR MISSOURI,TRACY MCCREERY,D,State Representative - District 88 - Missouri House of Representatives,A,MCCREERY FOR MISSOURI,October Quarterly Report,2020,Full Disclosure,36193.0,23505.61,0.0,0.0,23546.77,41.16,59739.77,3494.15,314.04,0.0,0.0,314.04,3808.19,0.0,0.0,0.0,0.0,0.0,0.0,0.0,0.0,0.0,0.0,128018.95,23505.61,314.04,0.0,314.04,151210.52,0.0,0.0,0.0,0.0,0.0,0.0,0.0
C091206,Plocher For Missouri,DEAN PLOCHER,R,State Representative - District 89 - Missouri House of Representatives,A,Plocher For Missouri,October Quarterly Report,2020,Full Disclosure,125245.34,38106.8,0.0,0.0,38106.8,0.0,163352.14,66845.7,38423.41,0.0,0.0,38423.41,105269.11,25389.21,5000.0,0.0,0.0,5000.0,30389.21,0.0,0.0,0.0,0.0,178875.06,38106.8,43423.41,0.0,43423.41,173558.45,0.0,0.0,0.0,0.0,0.0,0.0,0.0
C201228,Elect Luke Barber,Luke Barber,D,State Representative - District 89 - Missouri House of Representatives,T,Elect Luke Barber,October Quarterly Report,2020,Full Disclosure,6594.8,1370.18,0.0,0.0,1370.18,0.0,7964.98,654.61,9.29,0.0,0.0,9.29,663.9,0.0,0.0,0.0,0.0,0.0,0.0,0.0,0.0,0.0,0.0,5550.2,1370.18,9.29,0.0,9.29,6911.09,0.0,0.0,0.0,0.0,0.0,0.0,0.0
C191060,Citizens for Dean VanSchoiack,Dean VanSchoiack,R,State Representative - District 9 - Missouri House of Representatives,A,Citizens for Dean VanSchoiack,October Quarterly Report,2020,Full Disclosure,2200.0,7721.0,0.0,0.0,7743.21,22.21,9943.21,1866.01,778.77,0.0,0.0,778.77,2644.78,0.0,0.0,0.0,0.0,0.0,0.0,0.0,0.0,0.0,0.0,981.33,7721.0,778.77,0.0,778.77,7923.56,4500.0,0.0,0.0,0.0,0.0,0.0,4500.0
C201319,Committee to Elect Karen Planalp,Karen Planalp,D,State Representative - District 9 - Missouri House of Representatives,A,Committee to Elect Karen Planalp,October Quarterly Report,2020,Full Disclosure,4876.5,448.63,0.0,0.0,448.63,0.0,5325.13,3765.15,592.06,0.0,0.0,592.06,4357.21,0.0,0.0,0.0,0.0,0.0,0.0,0.0,0.0,0.0,0.0,720.85,448.63,592.06,0.0,592.06,577.42,0.0,0.0,0.0,0.0,0.0,0.0,0.0
C191081,Citizens for Phifer,Barbara Phifer,D,State Representative - District 90 - Missouri House of Representatives,A,Citizens for Phifer,October Quarterly Report,2020,Full Disclosure,33376.62,11526.5,0.0,0.0,11631.5,105.0,45008.12,6380.16,2841.73,0.0,0.0,2841.73,9221.89,0.0,0.0,0.0,0.0,0.0,0.0,0.0,0.0,0.0,0.0,26045.27,11526.5,2841.73,0.0,2841.73,34730.04,0.0,0.0,0.0,0.0,0.0,0.0,0.0
C191011,Perry For The People,Rickey Perry,R,State Representative - District 90 - Missouri House of Representatives,A,Perry For The People,October Quarterly Report,2020,Full Disclosure,19846.0,0.0,0.0,0.0,0.0,0.0,19846.0,11513.05,0.0,0.0,0.0,0.0,11513.05,0.0,0.0,0.0,0.0,0.0,0.0,0.0,0.0,0.0,0.0,10804.95,0.0,0.0,0.0,0.0,10804.95,18000.0,0.0,0.0,0.0,0.0,0.0,18000.0
C151198,Sarah Unsicker For State Representative,Sarah Unsicker,D,State Representative - District 91 - Missouri House of Representatives,A,Sarah Unsicker For State Representative,October Quarterly Report,2020,Full Disclosure,0.0,4600.2,0.0,0.0,4600.2,0.0,4600.2,0.0,1821.99,0.0,0.0,1821.99,1821.99,0.0,8500.0,0.0,0.0,8500.0,8500.0,0.0,630.0,31.65,661.65,20921.33,4600.2,10983.64,0.0,10983.64,14537.89,630.0,0.0,0.0,0.0,0.0,0.0,0.0
C201268,Friends of Michael Burton,Michael Burton,D,State Representative - District 92 - Missouri House of Representatives,A,Friends of Michael Burton,October Quarterly Report,2020,Full Disclosure,7179.16,6380.18,0.0,0.0,6380.18,0.0,13559.34,1859.87,20.58,0.0,0.0,20.58,1880.45,0.0,0.0,0.0,0.0,0.0,0.0,0.0,0.0,0.0,0.0,7957.58,6380.18,20.58,0.0,20.58,14317.18,2447.08,0.0,0.0,0.0,0.0,0.0,2447.08
C190954,Citizens to Elect Bill Heisse,William Heisse,R,State Representative - District 92 - Missouri House of Representatives,A,Citizens to Elect Bill Heisse,October Quarterly Report,2020,Full Disclosure,0.0,2170.0,0.0,0.0,2170.0,0.0,2170.0,0.0,1541.49,0.0,0.0,1541.49,1541.49,0.0,0.0,0.0,0.0,0.0,0.0,0.0,0.0,0.0,0.0,694.53,2170.0,1541.49,0.0,1541.49,1323.04,1300.0,0.0,0.0,0.0,0.0,0.0,1300.0
C191080,Citizens for Bridget Walsh Moore,Bridget Moore,D,State Representative - District 93 - Missouri House of Representatives,A,Citizens for Bridget Walsh Moore,October Quarterly Report,2020,Full Disclosure,38574.0,12645.5,0.0,0.0,13103.65,458.15,51677.65,14155.76,13297.05,0.0,0.0,13297.05,27452.81,0.0,0.0,0.0,0.0,0.0,0.0,0.0,0.0,0.0,0.0,24043.24,12645.5,13297.05,0.0,13297.05,23391.69,0.0,0.0,0.0,0.0,0.0,0.0,0.0
C191040,The Committee To Keep Up With Jones,Gabriel Jones,R,State Representative - District 93 - Missouri House of Representatives,A,The Committee To Keep Up With Jones,October Quarterly Report,2020,Full Disclosure,24095.54,4966.0,0.0,0.0,4966.0,0.0,29061.54,21171.38,1314.25,0.0,0.0,1314.25,22485.63,125.0,0.0,0.0,0.0,0.0,125.0,2000.0,0.0,0.0,2000.0,1594.21,4966.0,3314.25,0.0,3314.25,3245.96,2000.0,0.0,0.0,0.0,2000.0,0.0,0.0
C191008,Committee to Elect Jean Pretto,Emma Jean Pretto,D,State Representative - District 94 - Missouri House of Representatives,A,Committee to Elect Jean Pretto,October Quarterly Report,2020,Full Disclosure,43273.3,26002.18,0.0,0.0,26189.28,187.1,69462.58,18406.92,18469.95,0.0,0.0,18469.95,36876.87,0.0,0.0,0.0,0.0,0.0,0.0,0.0,0.0,0.0,0.0,23947.38,26002.18,18392.89,77.06,18469.95,31479.61,0.0,0.0,0.0,0.0,0.0,0.0,0.0
C180026,Citizens For Murphy,James Murphy,R,State Representative - District 94 - Missouri House of Representatives,A,Citizens For Murphy,October Quarterly Report,2020,Full Disclosure,46121.19,12525.0,0.0,0.0,12525.0,0.0,58646.19,16100.19,16281.77,0.0,0.0,16281.77,32381.96,2060.0,0.0,0.0,0.0,0.0,2060.0,0.0,0.0,0.0,0.0,25259.12,12525.0,16281.77,0.0,16281.77,21502.35,2082.29,0.0,0.0,0.0,0.0,0.0,2082.29
C201280,Committee to Elect Ann Zimpfer,Ann Zimpfer,D,State Representative - District 95 - Missouri House of Representatives,A,Committee to Elect Ann Zimpfer,October Quarterly Report,2020,Full Disclosure,22353.42,10516.13,0.0,0.0,10531.12,14.99,32884.54,5671.43,4137.7,0.0,0.0,4137.7,9809.13,0.0,0.0,0.0,0.0,0.0,0.0,0.0,0.0,0.0,0.0,16629.02,10516.13,4137.7,0.0,4137.7,23007.45,450.97,0.0,0.0,0.0,0.0,0.0,450.97
C171348,O'DonnellForMissouri.com,Michael O'Donnell,R,State Representative - District 95 - Missouri House of Representatives,A,O'DonnellForMissouri.com,October Quarterly Report,2020,Full Disclosure,21260.0,7230.0,0.0,0.0,7316.56,86.56,28576.56,2775.32,16435.0,0.0,0.0,16435.0,19210.32,500.0,0.0,0.0,0.0,0.0,500.0,0.0,0.0,0.0,0.0,15248.41,7230.0,16435.0,0.0,16435.0,6043.41,0.0,0.0,0.0,0.0,0.0,0.0,0.0
C141193,Gregory For Missouri,David Gregory,R,State Representative - District 96 - Missouri House of Representatives,A,Gregory For Missouri,October Quarterly Report,2020,Full Disclosure,79692.02,43366.0,0.0,0.0,43366.0,0.0,123058.02,42683.85,7398.33,0.0,0.0,7398.33,50082.18,750.0,0.0,0.0,0.0,0.0,750.0,0.0,0.0,0.0,0.0,38168.18,43366.0,7398.33,0.0,7398.33,74135.85,13181.0,0.0,0.0,0.0,0.0,0.0,13181.0
C180735,Friends Of Erica Hoffman,Erica Hoffman,D,State Representative - District 96 - Missouri House of Representatives,A,Friends Of Erica Hoffman,October Quarterly Report,2020,Full Disclosure,0.0,6445.0,0.0,0.0,6445.0,0.0,6445.0,0.0,9399.95,0.0,0.0,9399.95,9399.95,0.0,0.0,0.0,0.0,0.0,0.0,0.0,0.0,0.0,0.0,21178.19,6445.0,9399.95,0.0,9399.95,18223.24,0.0,0.0,0.0,0.0,0.0,0.0,0.0
C180168,Friends Of Mary Elizabeth Coleman,Mary Coleman,R,State Representative - District 97 - Missouri House of Representatives,A,Friends Of Mary Elizabeth Coleman,October Quarterly Report,2020,Full Disclosure,0.0,13096.0,0.0,0.0,13096.0,0.0,13096.0,0.0,5078.62,0.0,0.0,5078.62,5078.62,0.0,0.0,0.0,0.0,0.0,0.0,0.0,0.0,1000.0,1000.0,38828.53,13096.0,6078.62,0.0,6078.62,45845.91,0.0,0.0,0.0,0.0,0.0,0.0,0.0
C201357,Friends of Angie Schaefer,Angie Schaefer,D,State Representative - District 98 - Missouri House of Representatives,A,Friends of Angie Schaefer,October Quarterly Report,2020,Full Disclosure,7234.43,3180.18,0.0,0.0,3180.18,0.0,10414.61,4562.17,4940.62,0.0,548.09,5488.71,10050.88,0.0,0.0,0.0,0.0,0.0,0.0,0.0,0.0,0.0,0.0,4729.05,3180.18,4912.98,27.64,4940.62,2968.61,2056.79,0.0,548.09,0.0,0.0,0.0,2604.88
C131143,CITIZENS FOR DOGAN,SHAMED DOGAN,R,State Representative - District 98 - Missouri House of Representatives,A,CITIZENS FOR DOGAN,October Quarterly Report,2020,Full Disclosure,13850.0,4050.0,0.0,0.0,4050.0,0.0,17900.0,25218.4,3704.14,0.0,0.0,3704.14,28922.54,1000.0,0.0,0.0,0.0,0.0,1000.0,0.0,0.0,0.0,0.0,24811.55,4050.0,3704.14,0.0,3704.14,25157.41,0.0,0.0,0.0,0.0,0.0,0.0,0.0
C190848,Pitman For Missouri,Lee Pitman,R,State Representative - District 99 - Missouri House of Representatives,A,Pitman For Missouri,October Quarterly Report,2020,Full Disclosure,8826.09,3255.0,0.0,0.0,3535.58,280.58,12361.67,2399.91,2903.05,0.0,2676.32,5579.37,7979.28,0.0,0.0,0.0,0.0,0.0,0.0,2676.32,470.99,0.0,3147.31,5708.54,3255.0,5940.36,110.0,6050.36,2913.18,470.99,0.0,2676.32,0.0,2676.32,0.0,0.0
C190839,Friends of Trish Gunby,Trish Gunby,D,State Representative - District 99 - Missouri House of Representatives,A,Friends of Trish Gunby,October Quarterly Report,2020,Full Disclosure,15827.29,53244.68,0.0,0.0,53381.04,136.36,69208.33,6907.59,24081.78,0.0,0.0,24081.78,30989.37,0.0,75.0,0.0,0.0,75.0,75.0,0.0,0.0,0.0,0.0,86569.64,53244.68,24156.78,0.0,24156.78,115657.54,0.0,0.0,0.0,0.0,0.0,0.0,0.0
C201437,Anne Landers for State Representative,Anne Landers,R,State Representative - Missouri House of Representatives,A,Anne Landers for State Representative,October Quarterly Report,2020,Full Disclosure,0.0,4850.0,0.0,0.01,5649.52,799.51,5649.52,0.0,1839.16,0.0,0.0,1839.16,1839.16,0.0,0.0,0.0,0.0,0.0,0.0,0.0,0.0,0.0,0.0,0.0,4850.01,1839.16,0.0,1839.16,3010.85,0.0,0.0,0.0,0.0,0.0,0.0,0.0
